ISO-10303-21;
HEADER;
/* Generated by software containing ST-Developer
 * from STEP Tools, Inc. (www.steptools.com) 
 */

FILE_DESCRIPTION(
/* description */ (''),
/* implementation_level */ '2;1');

FILE_NAME(
/* name */ 'PlanckHiProCase.step',
/* time_stamp */ '2026-05-01T15:51:18-06:00',
/* author */ (''),
/* organization */ (''),
/* preprocessor_version */ 'ST-DEVELOPER v20.1',
/* originating_system */ 'Autodesk Translation Framework v15.8.0.0',
/* authorisation */ '');

FILE_SCHEMA (('AUTOMOTIVE_DESIGN { 1 0 10303 214 3 1 1 }'));
ENDSEC;

DATA;
#10=MECHANICAL_DESIGN_GEOMETRIC_PRESENTATION_REPRESENTATION('',(#13),#2643);
#11=SHAPE_REPRESENTATION_RELATIONSHIP('SRR','None',#2650,#12);
#12=ADVANCED_BREP_SHAPE_REPRESENTATION('',(#14),#2642);
#13=STYLED_ITEM('',(#2660),#14);
#14=MANIFOLD_SOLID_BREP('Body2',#1551);
#15=FACE_BOUND('',#226,.T.);
#16=FACE_BOUND('',#244,.T.);
#17=FACE_BOUND('',#245,.T.);
#18=FACE_BOUND('',#246,.T.);
#19=FACE_BOUND('',#247,.T.);
#20=FACE_BOUND('',#248,.T.);
#21=FACE_BOUND('',#249,.T.);
#22=FACE_BOUND('',#250,.T.);
#23=FACE_BOUND('',#263,.T.);
#24=FACE_BOUND('',#281,.T.);
#25=FACE_BOUND('',#282,.T.);
#26=FACE_BOUND('',#283,.T.);
#27=FACE_BOUND('',#284,.T.);
#28=FACE_BOUND('',#285,.T.);
#29=FACE_BOUND('',#286,.T.);
#30=FACE_BOUND('',#287,.T.);
#31=ELLIPSE('',#1636,3.65927759264038,2.5875);
#32=ELLIPSE('',#1639,3.65927759264039,2.5875);
#33=PLANE('',#1603);
#34=PLANE('',#1607);
#35=PLANE('',#1608);
#36=PLANE('',#1609);
#37=PLANE('',#1610);
#38=PLANE('',#1611);
#39=PLANE('',#1614);
#40=PLANE('',#1616);
#41=PLANE('',#1618);
#42=PLANE('',#1619);
#43=PLANE('',#1624);
#44=PLANE('',#1628);
#45=PLANE('',#1631);
#46=PLANE('',#1632);
#47=PLANE('',#1637);
#48=PLANE('',#1642);
#49=PLANE('',#1646);
#50=PLANE('',#1650);
#51=PLANE('',#1653);
#52=PLANE('',#1654);
#53=PLANE('',#1656);
#54=PLANE('',#1658);
#55=PLANE('',#1662);
#56=PLANE('',#1666);
#57=PLANE('',#1670);
#58=PLANE('',#1676);
#59=PLANE('',#1679);
#60=PLANE('',#1680);
#61=PLANE('',#1684);
#62=PLANE('',#1688);
#63=PLANE('',#1691);
#64=PLANE('',#1695);
#65=PLANE('',#1697);
#66=PLANE('',#1704);
#67=PLANE('',#1707);
#68=PLANE('',#1710);
#69=PLANE('',#1713);
#70=PLANE('',#1714);
#71=PLANE('',#1719);
#72=PLANE('',#1722);
#73=PLANE('',#1725);
#74=PLANE('',#1726);
#75=CYLINDRICAL_SURFACE('',#1568,1.1);
#76=CYLINDRICAL_SURFACE('',#1573,1.1);
#77=CYLINDRICAL_SURFACE('',#1578,1.1);
#78=CYLINDRICAL_SURFACE('',#1583,1.1);
#79=CYLINDRICAL_SURFACE('',#1588,1.1);
#80=CYLINDRICAL_SURFACE('',#1593,1.1);
#81=CYLINDRICAL_SURFACE('',#1598,1.1);
#82=CYLINDRICAL_SURFACE('',#1600,1.5875);
#83=CYLINDRICAL_SURFACE('',#1604,1.5875);
#84=CYLINDRICAL_SURFACE('',#1621,1.5875);
#85=CYLINDRICAL_SURFACE('',#1629,1.5875);
#86=CYLINDRICAL_SURFACE('',#1633,2.5875);
#87=CYLINDRICAL_SURFACE('',#1638,2.5875);
#88=CYLINDRICAL_SURFACE('',#1643,2.5875);
#89=CYLINDRICAL_SURFACE('',#1647,2.58750000000001);
#90=CYLINDRICAL_SURFACE('',#1655,1.5875);
#91=CYLINDRICAL_SURFACE('',#1657,1.5875);
#92=CYLINDRICAL_SURFACE('',#1674,13.175);
#93=CYLINDRICAL_SURFACE('',#1677,13.175);
#94=CYLINDRICAL_SURFACE('',#1694,13.175);
#95=CYLINDRICAL_SURFACE('',#1696,13.175);
#96=CYLINDRICAL_SURFACE('',#1715,3.17500000000001);
#97=CYLINDRICAL_SURFACE('',#1717,3.175);
#98=CYLINDRICAL_SURFACE('',#1720,3.17500000000001);
#99=CYLINDRICAL_SURFACE('',#1723,3.175);
#100=FACE_OUTER_BOUND('',#186,.T.);
#101=FACE_OUTER_BOUND('',#187,.T.);
#102=FACE_OUTER_BOUND('',#188,.T.);
#103=FACE_OUTER_BOUND('',#189,.T.);
#104=FACE_OUTER_BOUND('',#190,.T.);
#105=FACE_OUTER_BOUND('',#191,.T.);
#106=FACE_OUTER_BOUND('',#192,.T.);
#107=FACE_OUTER_BOUND('',#193,.T.);
#108=FACE_OUTER_BOUND('',#194,.T.);
#109=FACE_OUTER_BOUND('',#195,.T.);
#110=FACE_OUTER_BOUND('',#196,.T.);
#111=FACE_OUTER_BOUND('',#197,.T.);
#112=FACE_OUTER_BOUND('',#198,.T.);
#113=FACE_OUTER_BOUND('',#199,.T.);
#114=FACE_OUTER_BOUND('',#200,.T.);
#115=FACE_OUTER_BOUND('',#201,.T.);
#116=FACE_OUTER_BOUND('',#202,.T.);
#117=FACE_OUTER_BOUND('',#203,.T.);
#118=FACE_OUTER_BOUND('',#204,.T.);
#119=FACE_OUTER_BOUND('',#205,.T.);
#120=FACE_OUTER_BOUND('',#206,.T.);
#121=FACE_OUTER_BOUND('',#207,.T.);
#122=FACE_OUTER_BOUND('',#208,.T.);
#123=FACE_OUTER_BOUND('',#209,.T.);
#124=FACE_OUTER_BOUND('',#210,.T.);
#125=FACE_OUTER_BOUND('',#211,.T.);
#126=FACE_OUTER_BOUND('',#212,.T.);
#127=FACE_OUTER_BOUND('',#213,.T.);
#128=FACE_OUTER_BOUND('',#214,.T.);
#129=FACE_OUTER_BOUND('',#215,.T.);
#130=FACE_OUTER_BOUND('',#216,.T.);
#131=FACE_OUTER_BOUND('',#217,.T.);
#132=FACE_OUTER_BOUND('',#218,.T.);
#133=FACE_OUTER_BOUND('',#219,.T.);
#134=FACE_OUTER_BOUND('',#220,.T.);
#135=FACE_OUTER_BOUND('',#221,.T.);
#136=FACE_OUTER_BOUND('',#222,.T.);
#137=FACE_OUTER_BOUND('',#223,.T.);
#138=FACE_OUTER_BOUND('',#224,.T.);
#139=FACE_OUTER_BOUND('',#225,.T.);
#140=FACE_OUTER_BOUND('',#227,.T.);
#141=FACE_OUTER_BOUND('',#228,.T.);
#142=FACE_OUTER_BOUND('',#229,.T.);
#143=FACE_OUTER_BOUND('',#230,.T.);
#144=FACE_OUTER_BOUND('',#231,.T.);
#145=FACE_OUTER_BOUND('',#232,.T.);
#146=FACE_OUTER_BOUND('',#233,.T.);
#147=FACE_OUTER_BOUND('',#234,.T.);
#148=FACE_OUTER_BOUND('',#235,.T.);
#149=FACE_OUTER_BOUND('',#236,.T.);
#150=FACE_OUTER_BOUND('',#237,.T.);
#151=FACE_OUTER_BOUND('',#238,.T.);
#152=FACE_OUTER_BOUND('',#239,.T.);
#153=FACE_OUTER_BOUND('',#240,.T.);
#154=FACE_OUTER_BOUND('',#241,.T.);
#155=FACE_OUTER_BOUND('',#242,.T.);
#156=FACE_OUTER_BOUND('',#243,.T.);
#157=FACE_OUTER_BOUND('',#251,.T.);
#158=FACE_OUTER_BOUND('',#252,.T.);
#159=FACE_OUTER_BOUND('',#253,.T.);
#160=FACE_OUTER_BOUND('',#254,.T.);
#161=FACE_OUTER_BOUND('',#255,.T.);
#162=FACE_OUTER_BOUND('',#256,.T.);
#163=FACE_OUTER_BOUND('',#257,.T.);
#164=FACE_OUTER_BOUND('',#258,.T.);
#165=FACE_OUTER_BOUND('',#259,.T.);
#166=FACE_OUTER_BOUND('',#260,.T.);
#167=FACE_OUTER_BOUND('',#261,.T.);
#168=FACE_OUTER_BOUND('',#262,.T.);
#169=FACE_OUTER_BOUND('',#264,.T.);
#170=FACE_OUTER_BOUND('',#265,.T.);
#171=FACE_OUTER_BOUND('',#266,.T.);
#172=FACE_OUTER_BOUND('',#267,.T.);
#173=FACE_OUTER_BOUND('',#268,.T.);
#174=FACE_OUTER_BOUND('',#269,.T.);
#175=FACE_OUTER_BOUND('',#270,.T.);
#176=FACE_OUTER_BOUND('',#271,.T.);
#177=FACE_OUTER_BOUND('',#272,.T.);
#178=FACE_OUTER_BOUND('',#273,.T.);
#179=FACE_OUTER_BOUND('',#274,.T.);
#180=FACE_OUTER_BOUND('',#275,.T.);
#181=FACE_OUTER_BOUND('',#276,.T.);
#182=FACE_OUTER_BOUND('',#277,.T.);
#183=FACE_OUTER_BOUND('',#278,.T.);
#184=FACE_OUTER_BOUND('',#279,.T.);
#185=FACE_OUTER_BOUND('',#280,.T.);
#186=EDGE_LOOP('',(#1006,#1007,#1008,#1009));
#187=EDGE_LOOP('',(#1010,#1011,#1012,#1013));
#188=EDGE_LOOP('',(#1014,#1015,#1016,#1017));
#189=EDGE_LOOP('',(#1018,#1019,#1020,#1021));
#190=EDGE_LOOP('',(#1022,#1023,#1024,#1025));
#191=EDGE_LOOP('',(#1026,#1027,#1028,#1029));
#192=EDGE_LOOP('',(#1030,#1031,#1032,#1033));
#193=EDGE_LOOP('',(#1034,#1035,#1036,#1037));
#194=EDGE_LOOP('',(#1038,#1039,#1040,#1041));
#195=EDGE_LOOP('',(#1042,#1043,#1044,#1045));
#196=EDGE_LOOP('',(#1046,#1047,#1048,#1049));
#197=EDGE_LOOP('',(#1050,#1051,#1052,#1053));
#198=EDGE_LOOP('',(#1054,#1055,#1056,#1057));
#199=EDGE_LOOP('',(#1058,#1059,#1060,#1061));
#200=EDGE_LOOP('',(#1062,#1063,#1064,#1065));
#201=EDGE_LOOP('',(#1066,#1067,#1068,#1069,#1070,#1071));
#202=EDGE_LOOP('',(#1072,#1073,#1074,#1075));
#203=EDGE_LOOP('',(#1076,#1077,#1078,#1079));
#204=EDGE_LOOP('',(#1080,#1081,#1082,#1083,#1084,#1085));
#205=EDGE_LOOP('',(#1086,#1087,#1088,#1089));
#206=EDGE_LOOP('',(#1090,#1091,#1092,#1093));
#207=EDGE_LOOP('',(#1094,#1095,#1096,#1097,#1098,#1099));
#208=EDGE_LOOP('',(#1100,#1101,#1102));
#209=EDGE_LOOP('',(#1103,#1104,#1105));
#210=EDGE_LOOP('',(#1106,#1107,#1108,#1109));
#211=EDGE_LOOP('',(#1110,#1111,#1112));
#212=EDGE_LOOP('',(#1113,#1114,#1115,#1116,#1117,#1118,#1119));
#213=EDGE_LOOP('',(#1120,#1121,#1122,#1123,#1124,#1125,#1126,#1127,#1128,
#1129,#1130,#1131,#1132,#1133,#1134));
#214=EDGE_LOOP('',(#1135,#1136,#1137,#1138,#1139,#1140,#1141,#1142,#1143,
#1144));
#215=EDGE_LOOP('',(#1145,#1146,#1147,#1148));
#216=EDGE_LOOP('',(#1149,#1150,#1151,#1152));
#217=EDGE_LOOP('',(#1153,#1154,#1155,#1156));
#218=EDGE_LOOP('',(#1157,#1158,#1159,#1160,#1161));
#219=EDGE_LOOP('',(#1162,#1163,#1164,#1165));
#220=EDGE_LOOP('',(#1166,#1167,#1168,#1169,#1170));
#221=EDGE_LOOP('',(#1171,#1172,#1173,#1174));
#222=EDGE_LOOP('',(#1175,#1176,#1177,#1178));
#223=EDGE_LOOP('',(#1179,#1180,#1181,#1182));
#224=EDGE_LOOP('',(#1183,#1184,#1185,#1186));
#225=EDGE_LOOP('',(#1187,#1188,#1189,#1190,#1191,#1192,#1193,#1194));
#226=EDGE_LOOP('',(#1195,#1196,#1197,#1198,#1199,#1200,#1201,#1202));
#227=EDGE_LOOP('',(#1203,#1204,#1205,#1206,#1207,#1208,#1209,#1210));
#228=EDGE_LOOP('',(#1211,#1212,#1213,#1214));
#229=EDGE_LOOP('',(#1215,#1216,#1217,#1218,#1219,#1220,#1221,#1222));
#230=EDGE_LOOP('',(#1223,#1224,#1225,#1226));
#231=EDGE_LOOP('',(#1227,#1228,#1229,#1230,#1231,#1232));
#232=EDGE_LOOP('',(#1233,#1234,#1235,#1236,#1237,#1238,#1239,#1240,#1241,
#1242,#1243,#1244));
#233=EDGE_LOOP('',(#1245,#1246,#1247,#1248));
#234=EDGE_LOOP('',(#1249,#1250,#1251,#1252));
#235=EDGE_LOOP('',(#1253,#1254,#1255,#1256));
#236=EDGE_LOOP('',(#1257,#1258,#1259,#1260));
#237=EDGE_LOOP('',(#1261,#1262,#1263,#1264));
#238=EDGE_LOOP('',(#1265,#1266,#1267,#1268));
#239=EDGE_LOOP('',(#1269,#1270,#1271,#1272));
#240=EDGE_LOOP('',(#1273,#1274,#1275,#1276));
#241=EDGE_LOOP('',(#1277,#1278,#1279,#1280));
#242=EDGE_LOOP('',(#1281,#1282,#1283,#1284));
#243=EDGE_LOOP('',(#1285,#1286,#1287,#1288,#1289,#1290,#1291,#1292));
#244=EDGE_LOOP('',(#1293));
#245=EDGE_LOOP('',(#1294));
#246=EDGE_LOOP('',(#1295));
#247=EDGE_LOOP('',(#1296));
#248=EDGE_LOOP('',(#1297));
#249=EDGE_LOOP('',(#1298));
#250=EDGE_LOOP('',(#1299));
#251=EDGE_LOOP('',(#1300,#1301,#1302,#1303));
#252=EDGE_LOOP('',(#1304,#1305,#1306,#1307));
#253=EDGE_LOOP('',(#1308,#1309,#1310,#1311));
#254=EDGE_LOOP('',(#1312,#1313,#1314,#1315));
#255=EDGE_LOOP('',(#1316,#1317,#1318,#1319));
#256=EDGE_LOOP('',(#1320,#1321,#1322,#1323));
#257=EDGE_LOOP('',(#1324,#1325,#1326,#1327));
#258=EDGE_LOOP('',(#1328,#1329,#1330,#1331));
#259=EDGE_LOOP('',(#1332,#1333,#1334,#1335));
#260=EDGE_LOOP('',(#1336,#1337,#1338,#1339));
#261=EDGE_LOOP('',(#1340,#1341,#1342,#1343));
#262=EDGE_LOOP('',(#1344,#1345,#1346,#1347,#1348,#1349,#1350,#1351));
#263=EDGE_LOOP('',(#1352,#1353,#1354,#1355,#1356,#1357,#1358,#1359));
#264=EDGE_LOOP('',(#1360,#1361,#1362,#1363));
#265=EDGE_LOOP('',(#1364,#1365,#1366,#1367));
#266=EDGE_LOOP('',(#1368,#1369,#1370,#1371));
#267=EDGE_LOOP('',(#1372,#1373,#1374,#1375));
#268=EDGE_LOOP('',(#1376,#1377,#1378,#1379));
#269=EDGE_LOOP('',(#1380,#1381,#1382,#1383));
#270=EDGE_LOOP('',(#1384,#1385,#1386,#1387));
#271=EDGE_LOOP('',(#1388,#1389,#1390,#1391));
#272=EDGE_LOOP('',(#1392,#1393,#1394,#1395));
#273=EDGE_LOOP('',(#1396,#1397,#1398,#1399));
#274=EDGE_LOOP('',(#1400,#1401,#1402,#1403));
#275=EDGE_LOOP('',(#1404,#1405,#1406,#1407));
#276=EDGE_LOOP('',(#1408,#1409,#1410,#1411));
#277=EDGE_LOOP('',(#1412,#1413,#1414,#1415));
#278=EDGE_LOOP('',(#1416,#1417,#1418,#1419));
#279=EDGE_LOOP('',(#1420,#1421,#1422,#1423));
#280=EDGE_LOOP('',(#1424,#1425,#1426,#1427,#1428,#1429,#1430,#1431,#1432,
#1433,#1434,#1435,#1436,#1437,#1438));
#281=EDGE_LOOP('',(#1439));
#282=EDGE_LOOP('',(#1440));
#283=EDGE_LOOP('',(#1441));
#284=EDGE_LOOP('',(#1442));
#285=EDGE_LOOP('',(#1443));
#286=EDGE_LOOP('',(#1444));
#287=EDGE_LOOP('',(#1445));
#288=LINE('',#2202,#432);
#289=LINE('',#2206,#433);
#290=LINE('',#2212,#434);
#291=LINE('',#2216,#435);
#292=LINE('',#2222,#436);
#293=LINE('',#2226,#437);
#294=LINE('',#2232,#438);
#295=LINE('',#2236,#439);
#296=LINE('',#2242,#440);
#297=LINE('',#2246,#441);
#298=LINE('',#2252,#442);
#299=LINE('',#2256,#443);
#300=LINE('',#2262,#444);
#301=LINE('',#2266,#445);
#302=LINE('',#2273,#446);
#303=LINE('',#2276,#447);
#304=LINE('',#2279,#448);
#305=LINE('',#2281,#449);
#306=LINE('',#2283,#450);
#307=LINE('',#2285,#451);
#308=LINE('',#2286,#452);
#309=LINE('',#2292,#453);
#310=LINE('',#2295,#454);
#311=LINE('',#2297,#455);
#312=LINE('',#2298,#456);
#313=LINE('',#2301,#457);
#314=LINE('',#2303,#458);
#315=LINE('',#2305,#459);
#316=LINE('',#2307,#460);
#317=LINE('',#2308,#461);
#318=LINE('',#2311,#462);
#319=LINE('',#2313,#463);
#320=LINE('',#2314,#464);
#321=LINE('',#2318,#465);
#322=LINE('',#2320,#466);
#323=LINE('',#2322,#467);
#324=LINE('',#2323,#468);
#325=LINE('',#2328,#469);
#326=LINE('',#2331,#470);
#327=LINE('',#2335,#471);
#328=LINE('',#2339,#472);
#329=LINE('',#2342,#473);
#330=LINE('',#2343,#474);
#331=LINE('',#2347,#475);
#332=LINE('',#2350,#476);
#333=LINE('',#2354,#477);
#334=LINE('',#2360,#478);
#335=LINE('',#2363,#479);
#336=LINE('',#2365,#480);
#337=LINE('',#2367,#481);
#338=LINE('',#2369,#482);
#339=LINE('',#2370,#483);
#340=LINE('',#2372,#484);
#341=LINE('',#2376,#485);
#342=LINE('',#2377,#486);
#343=LINE('',#2380,#487);
#344=LINE('',#2384,#488);
#345=LINE('',#2385,#489);
#346=LINE('',#2389,#490);
#347=LINE('',#2391,#491);
#348=LINE('',#2393,#492);
#349=LINE('',#2394,#493);
#350=LINE('',#2401,#494);
#351=LINE('',#2405,#495);
#352=LINE('',#2407,#496);
#353=LINE('',#2408,#497);
#354=LINE('',#2415,#498);
#355=LINE('',#2419,#499);
#356=LINE('',#2421,#500);
#357=LINE('',#2422,#501);
#358=LINE('',#2428,#502);
#359=LINE('',#2431,#503);
#360=LINE('',#2433,#504);
#361=LINE('',#2434,#505);
#362=LINE('',#2442,#506);
#363=LINE('',#2445,#507);
#364=LINE('',#2448,#508);
#365=LINE('',#2450,#509);
#366=LINE('',#2452,#510);
#367=LINE('',#2454,#511);
#368=LINE('',#2455,#512);
#369=LINE('',#2457,#513);
#370=LINE('',#2459,#514);
#371=LINE('',#2461,#515);
#372=LINE('',#2465,#516);
#373=LINE('',#2467,#517);
#374=LINE('',#2468,#518);
#375=LINE('',#2472,#519);
#376=LINE('',#2478,#520);
#377=LINE('',#2479,#521);
#378=LINE('',#2480,#522);
#379=LINE('',#2484,#523);
#380=LINE('',#2490,#524);
#381=LINE('',#2491,#525);
#382=LINE('',#2492,#526);
#383=LINE('',#2496,#527);
#384=LINE('',#2502,#528);
#385=LINE('',#2503,#529);
#386=LINE('',#2504,#530);
#387=LINE('',#2510,#531);
#388=LINE('',#2513,#532);
#389=LINE('',#2516,#533);
#390=LINE('',#2517,#534);
#391=LINE('',#2523,#535);
#392=LINE('',#2525,#536);
#393=LINE('',#2526,#537);
#394=LINE('',#2530,#538);
#395=LINE('',#2536,#539);
#396=LINE('',#2537,#540);
#397=LINE('',#2538,#541);
#398=LINE('',#2542,#542);
#399=LINE('',#2547,#543);
#400=LINE('',#2548,#544);
#401=LINE('',#2549,#545);
#402=LINE('',#2552,#546);
#403=LINE('',#2556,#547);
#404=LINE('',#2557,#548);
#405=LINE('',#2561,#549);
#406=LINE('',#2562,#550);
#407=LINE('',#2564,#551);
#408=LINE('',#2571,#552);
#409=LINE('',#2575,#553);
#410=LINE('',#2579,#554);
#411=LINE('',#2582,#555);
#412=LINE('',#2584,#556);
#413=LINE('',#2586,#557);
#414=LINE('',#2589,#558);
#415=LINE('',#2592,#559);
#416=LINE('',#2596,#560);
#417=LINE('',#2597,#561);
#418=LINE('',#2600,#562);
#419=LINE('',#2604,#563);
#420=LINE('',#2605,#564);
#421=LINE('',#2608,#565);
#422=LINE('',#2611,#566);
#423=LINE('',#2614,#567);
#424=LINE('',#2616,#568);
#425=LINE('',#2617,#569);
#426=LINE('',#2622,#570);
#427=LINE('',#2626,#571);
#428=LINE('',#2627,#572);
#429=LINE('',#2630,#573);
#430=LINE('',#2634,#574);
#431=LINE('',#2635,#575);
#432=VECTOR('',#1733,1.675);
#433=VECTOR('',#1738,1.1);
#434=VECTOR('',#1745,1.675);
#435=VECTOR('',#1750,1.1);
#436=VECTOR('',#1757,1.675);
#437=VECTOR('',#1762,1.1);
#438=VECTOR('',#1769,1.675);
#439=VECTOR('',#1774,1.1);
#440=VECTOR('',#1781,1.675);
#441=VECTOR('',#1786,1.1);
#442=VECTOR('',#1793,1.675);
#443=VECTOR('',#1798,1.1);
#444=VECTOR('',#1805,1.675);
#445=VECTOR('',#1810,1.1);
#446=VECTOR('',#1817,10.);
#447=VECTOR('',#1820,10.);
#448=VECTOR('',#1823,10.);
#449=VECTOR('',#1824,10.);
#450=VECTOR('',#1825,10.);
#451=VECTOR('',#1826,10.);
#452=VECTOR('',#1827,10.);
#453=VECTOR('',#1832,10.);
#454=VECTOR('',#1835,10.);
#455=VECTOR('',#1838,10.);
#456=VECTOR('',#1839,10.);
#457=VECTOR('',#1842,10.);
#458=VECTOR('',#1843,10.);
#459=VECTOR('',#1844,10.);
#460=VECTOR('',#1845,10.);
#461=VECTOR('',#1846,10.);
#462=VECTOR('',#1849,10.);
#463=VECTOR('',#1850,10.);
#464=VECTOR('',#1851,10.);
#465=VECTOR('',#1854,10.);
#466=VECTOR('',#1855,10.);
#467=VECTOR('',#1856,10.);
#468=VECTOR('',#1857,10.);
#469=VECTOR('',#1862,10.);
#470=VECTOR('',#1865,10.);
#471=VECTOR('',#1870,10.);
#472=VECTOR('',#1875,10.);
#473=VECTOR('',#1878,10.);
#474=VECTOR('',#1879,10.);
#475=VECTOR('',#1884,10.);
#476=VECTOR('',#1887,10.);
#477=VECTOR('',#1890,10.);
#478=VECTOR('',#1897,10.);
#479=VECTOR('',#1900,10.);
#480=VECTOR('',#1901,10.);
#481=VECTOR('',#1902,10.);
#482=VECTOR('',#1903,10.);
#483=VECTOR('',#1904,10.);
#484=VECTOR('',#1905,10.);
#485=VECTOR('',#1910,10.);
#486=VECTOR('',#1911,10.);
#487=VECTOR('',#1914,10.);
#488=VECTOR('',#1919,10.);
#489=VECTOR('',#1920,10.);
#490=VECTOR('',#1923,10.);
#491=VECTOR('',#1924,10.);
#492=VECTOR('',#1925,10.);
#493=VECTOR('',#1926,10.);
#494=VECTOR('',#1933,10.);
#495=VECTOR('',#1938,10.);
#496=VECTOR('',#1939,10.);
#497=VECTOR('',#1940,10.);
#498=VECTOR('',#1947,10.);
#499=VECTOR('',#1952,10.);
#500=VECTOR('',#1953,10.);
#501=VECTOR('',#1954,10.);
#502=VECTOR('',#1961,10.);
#503=VECTOR('',#1964,10.);
#504=VECTOR('',#1965,10.);
#505=VECTOR('',#1966,10.);
#506=VECTOR('',#1977,10.);
#507=VECTOR('',#1980,10.);
#508=VECTOR('',#1983,10.);
#509=VECTOR('',#1984,10.);
#510=VECTOR('',#1985,10.);
#511=VECTOR('',#1986,10.);
#512=VECTOR('',#1987,10.);
#513=VECTOR('',#1990,10.);
#514=VECTOR('',#1993,10.);
#515=VECTOR('',#1996,10.);
#516=VECTOR('',#2001,10.);
#517=VECTOR('',#2002,10.);
#518=VECTOR('',#2003,10.);
#519=VECTOR('',#2006,10.);
#520=VECTOR('',#2013,10.);
#521=VECTOR('',#2014,10.);
#522=VECTOR('',#2015,10.);
#523=VECTOR('',#2018,10.);
#524=VECTOR('',#2025,10.);
#525=VECTOR('',#2026,10.);
#526=VECTOR('',#2027,10.);
#527=VECTOR('',#2030,10.);
#528=VECTOR('',#2037,10.);
#529=VECTOR('',#2038,10.);
#530=VECTOR('',#2039,10.);
#531=VECTOR('',#2048,10.);
#532=VECTOR('',#2051,10.);
#533=VECTOR('',#2054,10.);
#534=VECTOR('',#2055,10.);
#535=VECTOR('',#2064,10.);
#536=VECTOR('',#2065,10.);
#537=VECTOR('',#2066,10.);
#538=VECTOR('',#2069,10.);
#539=VECTOR('',#2076,10.);
#540=VECTOR('',#2077,10.);
#541=VECTOR('',#2078,10.);
#542=VECTOR('',#2081,10.);
#543=VECTOR('',#2088,10.);
#544=VECTOR('',#2089,10.);
#545=VECTOR('',#2090,10.);
#546=VECTOR('',#2093,10.);
#547=VECTOR('',#2098,10.);
#548=VECTOR('',#2099,10.);
#549=VECTOR('',#2106,10.);
#550=VECTOR('',#2107,10.);
#551=VECTOR('',#2110,10.);
#552=VECTOR('',#2117,10.);
#553=VECTOR('',#2120,10.);
#554=VECTOR('',#2123,10.);
#555=VECTOR('',#2126,10.);
#556=VECTOR('',#2129,10.);
#557=VECTOR('',#2130,10.);
#558=VECTOR('',#2135,10.);
#559=VECTOR('',#2138,10.);
#560=VECTOR('',#2143,10.);
#561=VECTOR('',#2144,10.);
#562=VECTOR('',#2147,10.);
#563=VECTOR('',#2152,10.);
#564=VECTOR('',#2153,10.);
#565=VECTOR('',#2156,10.);
#566=VECTOR('',#2161,10.);
#567=VECTOR('',#2164,10.);
#568=VECTOR('',#2165,10.);
#569=VECTOR('',#2166,10.);
#570=VECTOR('',#2173,10.);
#571=VECTOR('',#2178,10.);
#572=VECTOR('',#2179,10.);
#573=VECTOR('',#2182,10.);
#574=VECTOR('',#2187,10.);
#575=VECTOR('',#2188,10.);
#576=CIRCLE('',#1566,2.25);
#577=CIRCLE('',#1567,1.1);
#578=CIRCLE('',#1569,1.1);
#579=CIRCLE('',#1571,2.25);
#580=CIRCLE('',#1572,1.1);
#581=CIRCLE('',#1574,1.1);
#582=CIRCLE('',#1576,2.25);
#583=CIRCLE('',#1577,1.1);
#584=CIRCLE('',#1579,1.1);
#585=CIRCLE('',#1581,2.25);
#586=CIRCLE('',#1582,1.1);
#587=CIRCLE('',#1584,1.1);
#588=CIRCLE('',#1586,2.25);
#589=CIRCLE('',#1587,1.1);
#590=CIRCLE('',#1589,1.1);
#591=CIRCLE('',#1591,2.25);
#592=CIRCLE('',#1592,1.1);
#593=CIRCLE('',#1594,1.1);
#594=CIRCLE('',#1596,2.25);
#595=CIRCLE('',#1597,1.1);
#596=CIRCLE('',#1599,1.1);
#597=CIRCLE('',#1601,1.5875);
#598=CIRCLE('',#1602,1.5875);
#599=CIRCLE('',#1605,1.5875);
#600=CIRCLE('',#1606,1.5875);
#601=CIRCLE('',#1612,1.5875);
#602=CIRCLE('',#1613,1.5875);
#603=CIRCLE('',#1615,1.5875);
#604=CIRCLE('',#1617,1.5875);
#605=CIRCLE('',#1620,1.5875);
#606=CIRCLE('',#1622,1.5875);
#607=CIRCLE('',#1623,1.5875);
#608=CIRCLE('',#1625,1.5875);
#609=CIRCLE('',#1626,1.5875);
#610=CIRCLE('',#1627,1.5875);
#611=CIRCLE('',#1630,1.5875);
#612=CIRCLE('',#1634,2.5875);
#613=CIRCLE('',#1635,2.5875);
#614=CIRCLE('',#1640,2.5875);
#615=CIRCLE('',#1641,2.5875);
#616=CIRCLE('',#1644,2.5875);
#617=CIRCLE('',#1645,2.5875);
#618=CIRCLE('',#1648,2.58750000000001);
#619=CIRCLE('',#1649,2.58750000000001);
#620=CIRCLE('',#1651,1.5875);
#621=CIRCLE('',#1652,1.5875);
#622=CIRCLE('',#1660,9.84166666666667);
#623=CIRCLE('',#1661,13.175);
#624=CIRCLE('',#1664,9.84166666666665);
#625=CIRCLE('',#1665,13.175);
#626=CIRCLE('',#1668,9.84166666666667);
#627=CIRCLE('',#1669,13.175);
#628=CIRCLE('',#1672,9.84166666666666);
#629=CIRCLE('',#1673,13.175);
#630=CIRCLE('',#1675,13.175);
#631=CIRCLE('',#1678,13.175);
#632=CIRCLE('',#1682,9.84166666666666);
#633=CIRCLE('',#1683,13.175);
#634=CIRCLE('',#1686,9.84166666666667);
#635=CIRCLE('',#1687,13.175);
#636=CIRCLE('',#1690,9.84166666666665);
#637=CIRCLE('',#1693,9.84166666666667);
#638=CIRCLE('',#1698,3.675);
#639=CIRCLE('',#1699,3.67500000000001);
#640=CIRCLE('',#1700,3.675);
#641=CIRCLE('',#1701,3.67500000000001);
#642=CIRCLE('',#1703,3.175);
#643=CIRCLE('',#1706,3.17500000000001);
#644=CIRCLE('',#1709,3.175);
#645=CIRCLE('',#1712,3.17500000000001);
#646=CIRCLE('',#1716,3.17500000000001);
#647=CIRCLE('',#1718,3.175);
#648=CIRCLE('',#1721,3.17500000000001);
#649=CIRCLE('',#1724,3.175);
#650=VERTEX_POINT('',#2199);
#651=VERTEX_POINT('',#2201);
#652=VERTEX_POINT('',#2205);
#653=VERTEX_POINT('',#2209);
#654=VERTEX_POINT('',#2211);
#655=VERTEX_POINT('',#2215);
#656=VERTEX_POINT('',#2219);
#657=VERTEX_POINT('',#2221);
#658=VERTEX_POINT('',#2225);
#659=VERTEX_POINT('',#2229);
#660=VERTEX_POINT('',#2231);
#661=VERTEX_POINT('',#2235);
#662=VERTEX_POINT('',#2239);
#663=VERTEX_POINT('',#2241);
#664=VERTEX_POINT('',#2245);
#665=VERTEX_POINT('',#2249);
#666=VERTEX_POINT('',#2251);
#667=VERTEX_POINT('',#2255);
#668=VERTEX_POINT('',#2259);
#669=VERTEX_POINT('',#2261);
#670=VERTEX_POINT('',#2265);
#671=VERTEX_POINT('',#2269);
#672=VERTEX_POINT('',#2270);
#673=VERTEX_POINT('',#2272);
#674=VERTEX_POINT('',#2274);
#675=VERTEX_POINT('',#2278);
#676=VERTEX_POINT('',#2280);
#677=VERTEX_POINT('',#2282);
#678=VERTEX_POINT('',#2284);
#679=VERTEX_POINT('',#2288);
#680=VERTEX_POINT('',#2289);
#681=VERTEX_POINT('',#2291);
#682=VERTEX_POINT('',#2293);
#683=VERTEX_POINT('',#2300);
#684=VERTEX_POINT('',#2302);
#685=VERTEX_POINT('',#2304);
#686=VERTEX_POINT('',#2306);
#687=VERTEX_POINT('',#2310);
#688=VERTEX_POINT('',#2312);
#689=VERTEX_POINT('',#2316);
#690=VERTEX_POINT('',#2317);
#691=VERTEX_POINT('',#2319);
#692=VERTEX_POINT('',#2321);
#693=VERTEX_POINT('',#2325);
#694=VERTEX_POINT('',#2326);
#695=VERTEX_POINT('',#2329);
#696=VERTEX_POINT('',#2333);
#697=VERTEX_POINT('',#2337);
#698=VERTEX_POINT('',#2341);
#699=VERTEX_POINT('',#2345);
#700=VERTEX_POINT('',#2349);
#701=VERTEX_POINT('',#2351);
#702=VERTEX_POINT('',#2353);
#703=VERTEX_POINT('',#2357);
#704=VERTEX_POINT('',#2359);
#705=VERTEX_POINT('',#2362);
#706=VERTEX_POINT('',#2364);
#707=VERTEX_POINT('',#2366);
#708=VERTEX_POINT('',#2368);
#709=VERTEX_POINT('',#2371);
#710=VERTEX_POINT('',#2375);
#711=VERTEX_POINT('',#2379);
#712=VERTEX_POINT('',#2383);
#713=VERTEX_POINT('',#2387);
#714=VERTEX_POINT('',#2388);
#715=VERTEX_POINT('',#2390);
#716=VERTEX_POINT('',#2392);
#717=VERTEX_POINT('',#2396);
#718=VERTEX_POINT('',#2398);
#719=VERTEX_POINT('',#2400);
#720=VERTEX_POINT('',#2404);
#721=VERTEX_POINT('',#2406);
#722=VERTEX_POINT('',#2410);
#723=VERTEX_POINT('',#2412);
#724=VERTEX_POINT('',#2414);
#725=VERTEX_POINT('',#2418);
#726=VERTEX_POINT('',#2420);
#727=VERTEX_POINT('',#2424);
#728=VERTEX_POINT('',#2426);
#729=VERTEX_POINT('',#2430);
#730=VERTEX_POINT('',#2432);
#731=VERTEX_POINT('',#2439);
#732=VERTEX_POINT('',#2441);
#733=VERTEX_POINT('',#2443);
#734=VERTEX_POINT('',#2447);
#735=VERTEX_POINT('',#2449);
#736=VERTEX_POINT('',#2451);
#737=VERTEX_POINT('',#2453);
#738=VERTEX_POINT('',#2464);
#739=VERTEX_POINT('',#2466);
#740=VERTEX_POINT('',#2470);
#741=VERTEX_POINT('',#2471);
#742=VERTEX_POINT('',#2476);
#743=VERTEX_POINT('',#2477);
#744=VERTEX_POINT('',#2482);
#745=VERTEX_POINT('',#2483);
#746=VERTEX_POINT('',#2488);
#747=VERTEX_POINT('',#2489);
#748=VERTEX_POINT('',#2494);
#749=VERTEX_POINT('',#2495);
#750=VERTEX_POINT('',#2500);
#751=VERTEX_POINT('',#2501);
#752=VERTEX_POINT('',#2509);
#753=VERTEX_POINT('',#2511);
#754=VERTEX_POINT('',#2515);
#755=VERTEX_POINT('',#2522);
#756=VERTEX_POINT('',#2524);
#757=VERTEX_POINT('',#2528);
#758=VERTEX_POINT('',#2529);
#759=VERTEX_POINT('',#2534);
#760=VERTEX_POINT('',#2535);
#761=VERTEX_POINT('',#2540);
#762=VERTEX_POINT('',#2541);
#763=VERTEX_POINT('',#2546);
#764=VERTEX_POINT('',#2551);
#765=VERTEX_POINT('',#2555);
#766=VERTEX_POINT('',#2567);
#767=VERTEX_POINT('',#2568);
#768=VERTEX_POINT('',#2570);
#769=VERTEX_POINT('',#2572);
#770=VERTEX_POINT('',#2574);
#771=VERTEX_POINT('',#2576);
#772=VERTEX_POINT('',#2578);
#773=VERTEX_POINT('',#2580);
#774=VERTEX_POINT('',#2585);
#775=VERTEX_POINT('',#2591);
#776=VERTEX_POINT('',#2595);
#777=VERTEX_POINT('',#2599);
#778=VERTEX_POINT('',#2603);
#779=VERTEX_POINT('',#2607);
#780=VERTEX_POINT('',#2613);
#781=VERTEX_POINT('',#2615);
#782=VERTEX_POINT('',#2621);
#783=VERTEX_POINT('',#2625);
#784=VERTEX_POINT('',#2629);
#785=VERTEX_POINT('',#2633);
#786=EDGE_CURVE('',#650,#650,#576,.T.);
#787=EDGE_CURVE('',#650,#651,#288,.T.);
#788=EDGE_CURVE('',#651,#651,#577,.T.);
#789=EDGE_CURVE('',#651,#652,#289,.T.);
#790=EDGE_CURVE('',#652,#652,#578,.T.);
#791=EDGE_CURVE('',#653,#653,#579,.T.);
#792=EDGE_CURVE('',#653,#654,#290,.T.);
#793=EDGE_CURVE('',#654,#654,#580,.T.);
#794=EDGE_CURVE('',#654,#655,#291,.T.);
#795=EDGE_CURVE('',#655,#655,#581,.T.);
#796=EDGE_CURVE('',#656,#656,#582,.T.);
#797=EDGE_CURVE('',#656,#657,#292,.T.);
#798=EDGE_CURVE('',#657,#657,#583,.T.);
#799=EDGE_CURVE('',#657,#658,#293,.T.);
#800=EDGE_CURVE('',#658,#658,#584,.T.);
#801=EDGE_CURVE('',#659,#659,#585,.T.);
#802=EDGE_CURVE('',#659,#660,#294,.T.);
#803=EDGE_CURVE('',#660,#660,#586,.T.);
#804=EDGE_CURVE('',#660,#661,#295,.T.);
#805=EDGE_CURVE('',#661,#661,#587,.T.);
#806=EDGE_CURVE('',#662,#662,#588,.T.);
#807=EDGE_CURVE('',#662,#663,#296,.T.);
#808=EDGE_CURVE('',#663,#663,#589,.T.);
#809=EDGE_CURVE('',#663,#664,#297,.T.);
#810=EDGE_CURVE('',#664,#664,#590,.T.);
#811=EDGE_CURVE('',#665,#665,#591,.T.);
#812=EDGE_CURVE('',#665,#666,#298,.T.);
#813=EDGE_CURVE('',#666,#666,#592,.T.);
#814=EDGE_CURVE('',#666,#667,#299,.T.);
#815=EDGE_CURVE('',#667,#667,#593,.T.);
#816=EDGE_CURVE('',#668,#668,#594,.T.);
#817=EDGE_CURVE('',#668,#669,#300,.T.);
#818=EDGE_CURVE('',#669,#669,#595,.T.);
#819=EDGE_CURVE('',#669,#670,#301,.T.);
#820=EDGE_CURVE('',#670,#670,#596,.T.);
#821=EDGE_CURVE('',#671,#672,#597,.T.);
#822=EDGE_CURVE('',#671,#673,#302,.T.);
#823=EDGE_CURVE('',#673,#674,#598,.T.);
#824=EDGE_CURVE('',#674,#672,#303,.T.);
#825=EDGE_CURVE('',#675,#674,#304,.T.);
#826=EDGE_CURVE('',#676,#675,#305,.T.);
#827=EDGE_CURVE('',#676,#677,#306,.T.);
#828=EDGE_CURVE('',#677,#678,#307,.T.);
#829=EDGE_CURVE('',#678,#672,#308,.T.);
#830=EDGE_CURVE('',#679,#680,#599,.T.);
#831=EDGE_CURVE('',#679,#681,#309,.T.);
#832=EDGE_CURVE('',#681,#682,#600,.T.);
#833=EDGE_CURVE('',#682,#680,#310,.T.);
#834=EDGE_CURVE('',#671,#680,#311,.T.);
#835=EDGE_CURVE('',#673,#682,#312,.T.);
#836=EDGE_CURVE('',#679,#683,#313,.T.);
#837=EDGE_CURVE('',#684,#683,#314,.T.);
#838=EDGE_CURVE('',#685,#684,#315,.T.);
#839=EDGE_CURVE('',#686,#685,#316,.T.);
#840=EDGE_CURVE('',#681,#686,#317,.T.);
#841=EDGE_CURVE('',#687,#676,#318,.T.);
#842=EDGE_CURVE('',#688,#687,#319,.T.);
#843=EDGE_CURVE('',#688,#677,#320,.T.);
#844=EDGE_CURVE('',#689,#690,#321,.T.);
#845=EDGE_CURVE('',#691,#689,#322,.T.);
#846=EDGE_CURVE('',#691,#692,#323,.T.);
#847=EDGE_CURVE('',#690,#692,#324,.T.);
#848=EDGE_CURVE('',#693,#694,#601,.T.);
#849=EDGE_CURVE('',#693,#678,#325,.T.);
#850=EDGE_CURVE('',#695,#688,#602,.T.);
#851=EDGE_CURVE('',#694,#695,#326,.T.);
#852=EDGE_CURVE('',#684,#696,#603,.T.);
#853=EDGE_CURVE('',#683,#696,#327,.T.);
#854=EDGE_CURVE('',#692,#697,#604,.T.);
#855=EDGE_CURVE('',#691,#697,#328,.T.);
#856=EDGE_CURVE('',#698,#689,#329,.T.);
#857=EDGE_CURVE('',#697,#698,#330,.T.);
#858=EDGE_CURVE('',#685,#699,#605,.T.);
#859=EDGE_CURVE('',#686,#699,#331,.T.);
#860=EDGE_CURVE('',#696,#700,#332,.T.);
#861=EDGE_CURVE('',#700,#701,#606,.T.);
#862=EDGE_CURVE('',#702,#701,#333,.T.);
#863=EDGE_CURVE('',#699,#702,#607,.T.);
#864=EDGE_CURVE('',#690,#703,#608,.T.);
#865=EDGE_CURVE('',#703,#704,#334,.T.);
#866=EDGE_CURVE('',#704,#687,#609,.T.);
#867=EDGE_CURVE('',#705,#675,#335,.T.);
#868=EDGE_CURVE('',#705,#706,#336,.T.);
#869=EDGE_CURVE('',#707,#706,#337,.T.);
#870=EDGE_CURVE('',#708,#707,#338,.T.);
#871=EDGE_CURVE('',#699,#708,#339,.T.);
#872=EDGE_CURVE('',#702,#709,#340,.T.);
#873=EDGE_CURVE('',#709,#698,#610,.T.);
#874=EDGE_CURVE('',#693,#710,#341,.T.);
#875=EDGE_CURVE('',#710,#700,#342,.T.);
#876=EDGE_CURVE('',#694,#711,#343,.T.);
#877=EDGE_CURVE('',#711,#710,#611,.T.);
#878=EDGE_CURVE('',#695,#712,#344,.T.);
#879=EDGE_CURVE('',#712,#711,#345,.T.);
#880=EDGE_CURVE('',#713,#714,#346,.T.);
#881=EDGE_CURVE('',#715,#713,#347,.T.);
#882=EDGE_CURVE('',#715,#716,#348,.T.);
#883=EDGE_CURVE('',#716,#714,#349,.T.);
#884=EDGE_CURVE('',#714,#717,#612,.T.);
#885=EDGE_CURVE('',#716,#718,#613,.T.);
#886=EDGE_CURVE('',#718,#719,#350,.T.);
#887=EDGE_CURVE('',#717,#719,#31,.T.);
#888=EDGE_CURVE('',#719,#720,#351,.T.);
#889=EDGE_CURVE('',#721,#718,#352,.T.);
#890=EDGE_CURVE('',#721,#720,#353,.T.);
#891=EDGE_CURVE('',#720,#722,#32,.T.);
#892=EDGE_CURVE('',#721,#723,#614,.T.);
#893=EDGE_CURVE('',#723,#724,#354,.T.);
#894=EDGE_CURVE('',#722,#724,#615,.T.);
#895=EDGE_CURVE('',#724,#725,#355,.T.);
#896=EDGE_CURVE('',#726,#723,#356,.T.);
#897=EDGE_CURVE('',#726,#725,#357,.T.);
#898=EDGE_CURVE('',#725,#727,#616,.T.);
#899=EDGE_CURVE('',#726,#728,#617,.T.);
#900=EDGE_CURVE('',#728,#727,#358,.T.);
#901=EDGE_CURVE('',#727,#729,#359,.T.);
#902=EDGE_CURVE('',#730,#728,#360,.T.);
#903=EDGE_CURVE('',#730,#729,#361,.T.);
#904=EDGE_CURVE('',#729,#713,#618,.T.);
#905=EDGE_CURVE('',#730,#715,#619,.T.);
#906=EDGE_CURVE('',#731,#712,#620,.T.);
#907=EDGE_CURVE('',#732,#731,#362,.T.);
#908=EDGE_CURVE('',#733,#732,#621,.T.);
#909=EDGE_CURVE('',#701,#733,#363,.T.);
#910=EDGE_CURVE('',#722,#734,#364,.T.);
#911=EDGE_CURVE('',#734,#735,#365,.T.);
#912=EDGE_CURVE('',#735,#736,#366,.T.);
#913=EDGE_CURVE('',#736,#737,#367,.T.);
#914=EDGE_CURVE('',#737,#717,#368,.T.);
#915=EDGE_CURVE('',#709,#733,#369,.T.);
#916=EDGE_CURVE('',#703,#732,#370,.T.);
#917=EDGE_CURVE('',#704,#731,#371,.T.);
#918=EDGE_CURVE('',#738,#737,#372,.T.);
#919=EDGE_CURVE('',#739,#738,#373,.T.);
#920=EDGE_CURVE('',#734,#739,#374,.T.);
#921=EDGE_CURVE('',#740,#741,#375,.T.);
#922=EDGE_CURVE('',#741,#735,#622,.T.);
#923=EDGE_CURVE('',#734,#740,#623,.T.);
#924=EDGE_CURVE('',#742,#743,#376,.T.);
#925=EDGE_CURVE('',#743,#741,#377,.T.);
#926=EDGE_CURVE('',#740,#742,#378,.T.);
#927=EDGE_CURVE('',#744,#745,#379,.T.);
#928=EDGE_CURVE('',#745,#743,#624,.T.);
#929=EDGE_CURVE('',#742,#744,#625,.T.);
#930=EDGE_CURVE('',#746,#747,#380,.T.);
#931=EDGE_CURVE('',#747,#745,#381,.T.);
#932=EDGE_CURVE('',#744,#746,#382,.T.);
#933=EDGE_CURVE('',#748,#749,#383,.T.);
#934=EDGE_CURVE('',#749,#747,#626,.T.);
#935=EDGE_CURVE('',#746,#748,#627,.T.);
#936=EDGE_CURVE('',#750,#751,#384,.T.);
#937=EDGE_CURVE('',#751,#749,#385,.T.);
#938=EDGE_CURVE('',#748,#750,#386,.T.);
#939=EDGE_CURVE('',#736,#751,#628,.T.);
#940=EDGE_CURVE('',#750,#737,#629,.T.);
#941=EDGE_CURVE('',#742,#752,#387,.T.);
#942=EDGE_CURVE('',#753,#752,#630,.T.);
#943=EDGE_CURVE('',#744,#753,#388,.T.);
#944=EDGE_CURVE('',#740,#754,#389,.T.);
#945=EDGE_CURVE('',#752,#754,#390,.T.);
#946=EDGE_CURVE('',#754,#739,#631,.T.);
#947=EDGE_CURVE('',#738,#755,#391,.T.);
#948=EDGE_CURVE('',#755,#756,#392,.T.);
#949=EDGE_CURVE('',#756,#739,#393,.T.);
#950=EDGE_CURVE('',#757,#758,#394,.T.);
#951=EDGE_CURVE('',#758,#755,#632,.T.);
#952=EDGE_CURVE('',#738,#757,#633,.T.);
#953=EDGE_CURVE('',#759,#760,#395,.T.);
#954=EDGE_CURVE('',#760,#758,#396,.T.);
#955=EDGE_CURVE('',#757,#759,#397,.T.);
#956=EDGE_CURVE('',#761,#762,#398,.T.);
#957=EDGE_CURVE('',#762,#760,#634,.T.);
#958=EDGE_CURVE('',#759,#761,#635,.T.);
#959=EDGE_CURVE('',#753,#763,#399,.T.);
#960=EDGE_CURVE('',#763,#762,#400,.T.);
#961=EDGE_CURVE('',#761,#753,#401,.T.);
#962=EDGE_CURVE('',#752,#764,#402,.T.);
#963=EDGE_CURVE('',#764,#763,#636,.T.);
#964=EDGE_CURVE('',#754,#765,#403,.T.);
#965=EDGE_CURVE('',#765,#764,#404,.T.);
#966=EDGE_CURVE('',#756,#765,#637,.T.);
#967=EDGE_CURVE('',#746,#761,#405,.T.);
#968=EDGE_CURVE('',#748,#759,#406,.T.);
#969=EDGE_CURVE('',#750,#757,#407,.T.);
#970=EDGE_CURVE('',#766,#767,#638,.T.);
#971=EDGE_CURVE('',#768,#766,#408,.T.);
#972=EDGE_CURVE('',#769,#768,#639,.T.);
#973=EDGE_CURVE('',#770,#769,#409,.T.);
#974=EDGE_CURVE('',#771,#770,#640,.T.);
#975=EDGE_CURVE('',#772,#771,#410,.T.);
#976=EDGE_CURVE('',#773,#772,#641,.T.);
#977=EDGE_CURVE('',#767,#773,#411,.T.);
#978=EDGE_CURVE('',#707,#766,#412,.T.);
#979=EDGE_CURVE('',#767,#774,#413,.T.);
#980=EDGE_CURVE('',#774,#707,#642,.T.);
#981=EDGE_CURVE('',#706,#768,#414,.T.);
#982=EDGE_CURVE('',#775,#769,#415,.T.);
#983=EDGE_CURVE('',#706,#775,#643,.T.);
#984=EDGE_CURVE('',#776,#770,#416,.T.);
#985=EDGE_CURVE('',#775,#776,#417,.T.);
#986=EDGE_CURVE('',#777,#771,#418,.T.);
#987=EDGE_CURVE('',#776,#777,#644,.T.);
#988=EDGE_CURVE('',#778,#772,#419,.T.);
#989=EDGE_CURVE('',#777,#778,#420,.T.);
#990=EDGE_CURVE('',#779,#773,#421,.T.);
#991=EDGE_CURVE('',#778,#779,#645,.T.);
#992=EDGE_CURVE('',#779,#774,#422,.T.);
#993=EDGE_CURVE('',#780,#775,#423,.T.);
#994=EDGE_CURVE('',#781,#780,#424,.T.);
#995=EDGE_CURVE('',#781,#776,#425,.T.);
#996=EDGE_CURVE('',#780,#705,#646,.T.);
#997=EDGE_CURVE('',#782,#774,#426,.T.);
#998=EDGE_CURVE('',#708,#782,#647,.T.);
#999=EDGE_CURVE('',#783,#779,#427,.T.);
#1000=EDGE_CURVE('',#782,#783,#428,.T.);
#1001=EDGE_CURVE('',#784,#778,#429,.T.);
#1002=EDGE_CURVE('',#783,#784,#648,.T.);
#1003=EDGE_CURVE('',#785,#777,#430,.T.);
#1004=EDGE_CURVE('',#784,#785,#431,.T.);
#1005=EDGE_CURVE('',#785,#781,#649,.T.);
#1006=ORIENTED_EDGE('',*,*,#786,.F.);
#1007=ORIENTED_EDGE('',*,*,#787,.T.);
#1008=ORIENTED_EDGE('',*,*,#788,.T.);
#1009=ORIENTED_EDGE('',*,*,#787,.F.);
#1010=ORIENTED_EDGE('',*,*,#788,.F.);
#1011=ORIENTED_EDGE('',*,*,#789,.T.);
#1012=ORIENTED_EDGE('',*,*,#790,.F.);
#1013=ORIENTED_EDGE('',*,*,#789,.F.);
#1014=ORIENTED_EDGE('',*,*,#791,.F.);
#1015=ORIENTED_EDGE('',*,*,#792,.T.);
#1016=ORIENTED_EDGE('',*,*,#793,.T.);
#1017=ORIENTED_EDGE('',*,*,#792,.F.);
#1018=ORIENTED_EDGE('',*,*,#793,.F.);
#1019=ORIENTED_EDGE('',*,*,#794,.T.);
#1020=ORIENTED_EDGE('',*,*,#795,.F.);
#1021=ORIENTED_EDGE('',*,*,#794,.F.);
#1022=ORIENTED_EDGE('',*,*,#796,.F.);
#1023=ORIENTED_EDGE('',*,*,#797,.T.);
#1024=ORIENTED_EDGE('',*,*,#798,.T.);
#1025=ORIENTED_EDGE('',*,*,#797,.F.);
#1026=ORIENTED_EDGE('',*,*,#798,.F.);
#1027=ORIENTED_EDGE('',*,*,#799,.T.);
#1028=ORIENTED_EDGE('',*,*,#800,.F.);
#1029=ORIENTED_EDGE('',*,*,#799,.F.);
#1030=ORIENTED_EDGE('',*,*,#801,.F.);
#1031=ORIENTED_EDGE('',*,*,#802,.T.);
#1032=ORIENTED_EDGE('',*,*,#803,.T.);
#1033=ORIENTED_EDGE('',*,*,#802,.F.);
#1034=ORIENTED_EDGE('',*,*,#803,.F.);
#1035=ORIENTED_EDGE('',*,*,#804,.T.);
#1036=ORIENTED_EDGE('',*,*,#805,.F.);
#1037=ORIENTED_EDGE('',*,*,#804,.F.);
#1038=ORIENTED_EDGE('',*,*,#806,.F.);
#1039=ORIENTED_EDGE('',*,*,#807,.T.);
#1040=ORIENTED_EDGE('',*,*,#808,.T.);
#1041=ORIENTED_EDGE('',*,*,#807,.F.);
#1042=ORIENTED_EDGE('',*,*,#808,.F.);
#1043=ORIENTED_EDGE('',*,*,#809,.T.);
#1044=ORIENTED_EDGE('',*,*,#810,.F.);
#1045=ORIENTED_EDGE('',*,*,#809,.F.);
#1046=ORIENTED_EDGE('',*,*,#811,.F.);
#1047=ORIENTED_EDGE('',*,*,#812,.T.);
#1048=ORIENTED_EDGE('',*,*,#813,.T.);
#1049=ORIENTED_EDGE('',*,*,#812,.F.);
#1050=ORIENTED_EDGE('',*,*,#813,.F.);
#1051=ORIENTED_EDGE('',*,*,#814,.T.);
#1052=ORIENTED_EDGE('',*,*,#815,.F.);
#1053=ORIENTED_EDGE('',*,*,#814,.F.);
#1054=ORIENTED_EDGE('',*,*,#816,.F.);
#1055=ORIENTED_EDGE('',*,*,#817,.T.);
#1056=ORIENTED_EDGE('',*,*,#818,.T.);
#1057=ORIENTED_EDGE('',*,*,#817,.F.);
#1058=ORIENTED_EDGE('',*,*,#818,.F.);
#1059=ORIENTED_EDGE('',*,*,#819,.T.);
#1060=ORIENTED_EDGE('',*,*,#820,.F.);
#1061=ORIENTED_EDGE('',*,*,#819,.F.);
#1062=ORIENTED_EDGE('',*,*,#821,.F.);
#1063=ORIENTED_EDGE('',*,*,#822,.T.);
#1064=ORIENTED_EDGE('',*,*,#823,.T.);
#1065=ORIENTED_EDGE('',*,*,#824,.T.);
#1066=ORIENTED_EDGE('',*,*,#824,.F.);
#1067=ORIENTED_EDGE('',*,*,#825,.F.);
#1068=ORIENTED_EDGE('',*,*,#826,.F.);
#1069=ORIENTED_EDGE('',*,*,#827,.T.);
#1070=ORIENTED_EDGE('',*,*,#828,.T.);
#1071=ORIENTED_EDGE('',*,*,#829,.T.);
#1072=ORIENTED_EDGE('',*,*,#830,.F.);
#1073=ORIENTED_EDGE('',*,*,#831,.T.);
#1074=ORIENTED_EDGE('',*,*,#832,.T.);
#1075=ORIENTED_EDGE('',*,*,#833,.T.);
#1076=ORIENTED_EDGE('',*,*,#822,.F.);
#1077=ORIENTED_EDGE('',*,*,#834,.T.);
#1078=ORIENTED_EDGE('',*,*,#833,.F.);
#1079=ORIENTED_EDGE('',*,*,#835,.F.);
#1080=ORIENTED_EDGE('',*,*,#831,.F.);
#1081=ORIENTED_EDGE('',*,*,#836,.T.);
#1082=ORIENTED_EDGE('',*,*,#837,.F.);
#1083=ORIENTED_EDGE('',*,*,#838,.F.);
#1084=ORIENTED_EDGE('',*,*,#839,.F.);
#1085=ORIENTED_EDGE('',*,*,#840,.F.);
#1086=ORIENTED_EDGE('',*,*,#841,.F.);
#1087=ORIENTED_EDGE('',*,*,#842,.F.);
#1088=ORIENTED_EDGE('',*,*,#843,.T.);
#1089=ORIENTED_EDGE('',*,*,#827,.F.);
#1090=ORIENTED_EDGE('',*,*,#844,.F.);
#1091=ORIENTED_EDGE('',*,*,#845,.F.);
#1092=ORIENTED_EDGE('',*,*,#846,.T.);
#1093=ORIENTED_EDGE('',*,*,#847,.F.);
#1094=ORIENTED_EDGE('',*,*,#848,.F.);
#1095=ORIENTED_EDGE('',*,*,#849,.T.);
#1096=ORIENTED_EDGE('',*,*,#828,.F.);
#1097=ORIENTED_EDGE('',*,*,#843,.F.);
#1098=ORIENTED_EDGE('',*,*,#850,.F.);
#1099=ORIENTED_EDGE('',*,*,#851,.F.);
#1100=ORIENTED_EDGE('',*,*,#852,.F.);
#1101=ORIENTED_EDGE('',*,*,#837,.T.);
#1102=ORIENTED_EDGE('',*,*,#853,.T.);
#1103=ORIENTED_EDGE('',*,*,#854,.F.);
#1104=ORIENTED_EDGE('',*,*,#846,.F.);
#1105=ORIENTED_EDGE('',*,*,#855,.T.);
#1106=ORIENTED_EDGE('',*,*,#856,.F.);
#1107=ORIENTED_EDGE('',*,*,#857,.F.);
#1108=ORIENTED_EDGE('',*,*,#855,.F.);
#1109=ORIENTED_EDGE('',*,*,#845,.T.);
#1110=ORIENTED_EDGE('',*,*,#839,.T.);
#1111=ORIENTED_EDGE('',*,*,#858,.T.);
#1112=ORIENTED_EDGE('',*,*,#859,.F.);
#1113=ORIENTED_EDGE('',*,*,#838,.T.);
#1114=ORIENTED_EDGE('',*,*,#852,.T.);
#1115=ORIENTED_EDGE('',*,*,#860,.T.);
#1116=ORIENTED_EDGE('',*,*,#861,.T.);
#1117=ORIENTED_EDGE('',*,*,#862,.F.);
#1118=ORIENTED_EDGE('',*,*,#863,.F.);
#1119=ORIENTED_EDGE('',*,*,#858,.F.);
#1120=ORIENTED_EDGE('',*,*,#856,.T.);
#1121=ORIENTED_EDGE('',*,*,#844,.T.);
#1122=ORIENTED_EDGE('',*,*,#864,.T.);
#1123=ORIENTED_EDGE('',*,*,#865,.T.);
#1124=ORIENTED_EDGE('',*,*,#866,.T.);
#1125=ORIENTED_EDGE('',*,*,#841,.T.);
#1126=ORIENTED_EDGE('',*,*,#826,.T.);
#1127=ORIENTED_EDGE('',*,*,#867,.F.);
#1128=ORIENTED_EDGE('',*,*,#868,.T.);
#1129=ORIENTED_EDGE('',*,*,#869,.F.);
#1130=ORIENTED_EDGE('',*,*,#870,.F.);
#1131=ORIENTED_EDGE('',*,*,#871,.F.);
#1132=ORIENTED_EDGE('',*,*,#863,.T.);
#1133=ORIENTED_EDGE('',*,*,#872,.T.);
#1134=ORIENTED_EDGE('',*,*,#873,.T.);
#1135=ORIENTED_EDGE('',*,*,#821,.T.);
#1136=ORIENTED_EDGE('',*,*,#829,.F.);
#1137=ORIENTED_EDGE('',*,*,#849,.F.);
#1138=ORIENTED_EDGE('',*,*,#874,.T.);
#1139=ORIENTED_EDGE('',*,*,#875,.T.);
#1140=ORIENTED_EDGE('',*,*,#860,.F.);
#1141=ORIENTED_EDGE('',*,*,#853,.F.);
#1142=ORIENTED_EDGE('',*,*,#836,.F.);
#1143=ORIENTED_EDGE('',*,*,#830,.T.);
#1144=ORIENTED_EDGE('',*,*,#834,.F.);
#1145=ORIENTED_EDGE('',*,*,#848,.T.);
#1146=ORIENTED_EDGE('',*,*,#876,.T.);
#1147=ORIENTED_EDGE('',*,*,#877,.T.);
#1148=ORIENTED_EDGE('',*,*,#874,.F.);
#1149=ORIENTED_EDGE('',*,*,#851,.T.);
#1150=ORIENTED_EDGE('',*,*,#878,.T.);
#1151=ORIENTED_EDGE('',*,*,#879,.T.);
#1152=ORIENTED_EDGE('',*,*,#876,.F.);
#1153=ORIENTED_EDGE('',*,*,#880,.F.);
#1154=ORIENTED_EDGE('',*,*,#881,.F.);
#1155=ORIENTED_EDGE('',*,*,#882,.T.);
#1156=ORIENTED_EDGE('',*,*,#883,.T.);
#1157=ORIENTED_EDGE('',*,*,#884,.F.);
#1158=ORIENTED_EDGE('',*,*,#883,.F.);
#1159=ORIENTED_EDGE('',*,*,#885,.T.);
#1160=ORIENTED_EDGE('',*,*,#886,.T.);
#1161=ORIENTED_EDGE('',*,*,#887,.F.);
#1162=ORIENTED_EDGE('',*,*,#888,.F.);
#1163=ORIENTED_EDGE('',*,*,#886,.F.);
#1164=ORIENTED_EDGE('',*,*,#889,.F.);
#1165=ORIENTED_EDGE('',*,*,#890,.T.);
#1166=ORIENTED_EDGE('',*,*,#891,.F.);
#1167=ORIENTED_EDGE('',*,*,#890,.F.);
#1168=ORIENTED_EDGE('',*,*,#892,.T.);
#1169=ORIENTED_EDGE('',*,*,#893,.T.);
#1170=ORIENTED_EDGE('',*,*,#894,.F.);
#1171=ORIENTED_EDGE('',*,*,#895,.F.);
#1172=ORIENTED_EDGE('',*,*,#893,.F.);
#1173=ORIENTED_EDGE('',*,*,#896,.F.);
#1174=ORIENTED_EDGE('',*,*,#897,.T.);
#1175=ORIENTED_EDGE('',*,*,#898,.F.);
#1176=ORIENTED_EDGE('',*,*,#897,.F.);
#1177=ORIENTED_EDGE('',*,*,#899,.T.);
#1178=ORIENTED_EDGE('',*,*,#900,.T.);
#1179=ORIENTED_EDGE('',*,*,#901,.F.);
#1180=ORIENTED_EDGE('',*,*,#900,.F.);
#1181=ORIENTED_EDGE('',*,*,#902,.F.);
#1182=ORIENTED_EDGE('',*,*,#903,.T.);
#1183=ORIENTED_EDGE('',*,*,#904,.F.);
#1184=ORIENTED_EDGE('',*,*,#903,.F.);
#1185=ORIENTED_EDGE('',*,*,#905,.T.);
#1186=ORIENTED_EDGE('',*,*,#881,.T.);
#1187=ORIENTED_EDGE('',*,*,#905,.F.);
#1188=ORIENTED_EDGE('',*,*,#902,.T.);
#1189=ORIENTED_EDGE('',*,*,#899,.F.);
#1190=ORIENTED_EDGE('',*,*,#896,.T.);
#1191=ORIENTED_EDGE('',*,*,#892,.F.);
#1192=ORIENTED_EDGE('',*,*,#889,.T.);
#1193=ORIENTED_EDGE('',*,*,#885,.F.);
#1194=ORIENTED_EDGE('',*,*,#882,.F.);
#1195=ORIENTED_EDGE('',*,*,#906,.F.);
#1196=ORIENTED_EDGE('',*,*,#907,.F.);
#1197=ORIENTED_EDGE('',*,*,#908,.F.);
#1198=ORIENTED_EDGE('',*,*,#909,.F.);
#1199=ORIENTED_EDGE('',*,*,#861,.F.);
#1200=ORIENTED_EDGE('',*,*,#875,.F.);
#1201=ORIENTED_EDGE('',*,*,#877,.F.);
#1202=ORIENTED_EDGE('',*,*,#879,.F.);
#1203=ORIENTED_EDGE('',*,*,#887,.T.);
#1204=ORIENTED_EDGE('',*,*,#888,.T.);
#1205=ORIENTED_EDGE('',*,*,#891,.T.);
#1206=ORIENTED_EDGE('',*,*,#910,.T.);
#1207=ORIENTED_EDGE('',*,*,#911,.T.);
#1208=ORIENTED_EDGE('',*,*,#912,.T.);
#1209=ORIENTED_EDGE('',*,*,#913,.T.);
#1210=ORIENTED_EDGE('',*,*,#914,.T.);
#1211=ORIENTED_EDGE('',*,*,#909,.T.);
#1212=ORIENTED_EDGE('',*,*,#915,.F.);
#1213=ORIENTED_EDGE('',*,*,#872,.F.);
#1214=ORIENTED_EDGE('',*,*,#862,.T.);
#1215=ORIENTED_EDGE('',*,*,#857,.T.);
#1216=ORIENTED_EDGE('',*,*,#873,.F.);
#1217=ORIENTED_EDGE('',*,*,#915,.T.);
#1218=ORIENTED_EDGE('',*,*,#908,.T.);
#1219=ORIENTED_EDGE('',*,*,#916,.F.);
#1220=ORIENTED_EDGE('',*,*,#864,.F.);
#1221=ORIENTED_EDGE('',*,*,#847,.T.);
#1222=ORIENTED_EDGE('',*,*,#854,.T.);
#1223=ORIENTED_EDGE('',*,*,#907,.T.);
#1224=ORIENTED_EDGE('',*,*,#917,.F.);
#1225=ORIENTED_EDGE('',*,*,#865,.F.);
#1226=ORIENTED_EDGE('',*,*,#916,.T.);
#1227=ORIENTED_EDGE('',*,*,#842,.T.);
#1228=ORIENTED_EDGE('',*,*,#866,.F.);
#1229=ORIENTED_EDGE('',*,*,#917,.T.);
#1230=ORIENTED_EDGE('',*,*,#906,.T.);
#1231=ORIENTED_EDGE('',*,*,#878,.F.);
#1232=ORIENTED_EDGE('',*,*,#850,.T.);
#1233=ORIENTED_EDGE('',*,*,#884,.T.);
#1234=ORIENTED_EDGE('',*,*,#914,.F.);
#1235=ORIENTED_EDGE('',*,*,#918,.F.);
#1236=ORIENTED_EDGE('',*,*,#919,.F.);
#1237=ORIENTED_EDGE('',*,*,#920,.F.);
#1238=ORIENTED_EDGE('',*,*,#910,.F.);
#1239=ORIENTED_EDGE('',*,*,#894,.T.);
#1240=ORIENTED_EDGE('',*,*,#895,.T.);
#1241=ORIENTED_EDGE('',*,*,#898,.T.);
#1242=ORIENTED_EDGE('',*,*,#901,.T.);
#1243=ORIENTED_EDGE('',*,*,#904,.T.);
#1244=ORIENTED_EDGE('',*,*,#880,.T.);
#1245=ORIENTED_EDGE('',*,*,#921,.T.);
#1246=ORIENTED_EDGE('',*,*,#922,.T.);
#1247=ORIENTED_EDGE('',*,*,#911,.F.);
#1248=ORIENTED_EDGE('',*,*,#923,.T.);
#1249=ORIENTED_EDGE('',*,*,#924,.T.);
#1250=ORIENTED_EDGE('',*,*,#925,.T.);
#1251=ORIENTED_EDGE('',*,*,#921,.F.);
#1252=ORIENTED_EDGE('',*,*,#926,.T.);
#1253=ORIENTED_EDGE('',*,*,#927,.T.);
#1254=ORIENTED_EDGE('',*,*,#928,.T.);
#1255=ORIENTED_EDGE('',*,*,#924,.F.);
#1256=ORIENTED_EDGE('',*,*,#929,.T.);
#1257=ORIENTED_EDGE('',*,*,#930,.T.);
#1258=ORIENTED_EDGE('',*,*,#931,.T.);
#1259=ORIENTED_EDGE('',*,*,#927,.F.);
#1260=ORIENTED_EDGE('',*,*,#932,.T.);
#1261=ORIENTED_EDGE('',*,*,#933,.T.);
#1262=ORIENTED_EDGE('',*,*,#934,.T.);
#1263=ORIENTED_EDGE('',*,*,#930,.F.);
#1264=ORIENTED_EDGE('',*,*,#935,.T.);
#1265=ORIENTED_EDGE('',*,*,#936,.T.);
#1266=ORIENTED_EDGE('',*,*,#937,.T.);
#1267=ORIENTED_EDGE('',*,*,#933,.F.);
#1268=ORIENTED_EDGE('',*,*,#938,.T.);
#1269=ORIENTED_EDGE('',*,*,#913,.F.);
#1270=ORIENTED_EDGE('',*,*,#939,.T.);
#1271=ORIENTED_EDGE('',*,*,#936,.F.);
#1272=ORIENTED_EDGE('',*,*,#940,.T.);
#1273=ORIENTED_EDGE('',*,*,#929,.F.);
#1274=ORIENTED_EDGE('',*,*,#941,.T.);
#1275=ORIENTED_EDGE('',*,*,#942,.F.);
#1276=ORIENTED_EDGE('',*,*,#943,.F.);
#1277=ORIENTED_EDGE('',*,*,#926,.F.);
#1278=ORIENTED_EDGE('',*,*,#944,.T.);
#1279=ORIENTED_EDGE('',*,*,#945,.F.);
#1280=ORIENTED_EDGE('',*,*,#941,.F.);
#1281=ORIENTED_EDGE('',*,*,#923,.F.);
#1282=ORIENTED_EDGE('',*,*,#920,.T.);
#1283=ORIENTED_EDGE('',*,*,#946,.F.);
#1284=ORIENTED_EDGE('',*,*,#944,.F.);
#1285=ORIENTED_EDGE('',*,*,#912,.F.);
#1286=ORIENTED_EDGE('',*,*,#922,.F.);
#1287=ORIENTED_EDGE('',*,*,#925,.F.);
#1288=ORIENTED_EDGE('',*,*,#928,.F.);
#1289=ORIENTED_EDGE('',*,*,#931,.F.);
#1290=ORIENTED_EDGE('',*,*,#934,.F.);
#1291=ORIENTED_EDGE('',*,*,#937,.F.);
#1292=ORIENTED_EDGE('',*,*,#939,.F.);
#1293=ORIENTED_EDGE('',*,*,#786,.T.);
#1294=ORIENTED_EDGE('',*,*,#791,.T.);
#1295=ORIENTED_EDGE('',*,*,#796,.T.);
#1296=ORIENTED_EDGE('',*,*,#801,.T.);
#1297=ORIENTED_EDGE('',*,*,#806,.T.);
#1298=ORIENTED_EDGE('',*,*,#811,.T.);
#1299=ORIENTED_EDGE('',*,*,#816,.T.);
#1300=ORIENTED_EDGE('',*,*,#947,.T.);
#1301=ORIENTED_EDGE('',*,*,#948,.T.);
#1302=ORIENTED_EDGE('',*,*,#949,.T.);
#1303=ORIENTED_EDGE('',*,*,#919,.T.);
#1304=ORIENTED_EDGE('',*,*,#950,.T.);
#1305=ORIENTED_EDGE('',*,*,#951,.T.);
#1306=ORIENTED_EDGE('',*,*,#947,.F.);
#1307=ORIENTED_EDGE('',*,*,#952,.T.);
#1308=ORIENTED_EDGE('',*,*,#953,.T.);
#1309=ORIENTED_EDGE('',*,*,#954,.T.);
#1310=ORIENTED_EDGE('',*,*,#950,.F.);
#1311=ORIENTED_EDGE('',*,*,#955,.T.);
#1312=ORIENTED_EDGE('',*,*,#956,.T.);
#1313=ORIENTED_EDGE('',*,*,#957,.T.);
#1314=ORIENTED_EDGE('',*,*,#953,.F.);
#1315=ORIENTED_EDGE('',*,*,#958,.T.);
#1316=ORIENTED_EDGE('',*,*,#959,.T.);
#1317=ORIENTED_EDGE('',*,*,#960,.T.);
#1318=ORIENTED_EDGE('',*,*,#956,.F.);
#1319=ORIENTED_EDGE('',*,*,#961,.T.);
#1320=ORIENTED_EDGE('',*,*,#962,.T.);
#1321=ORIENTED_EDGE('',*,*,#963,.T.);
#1322=ORIENTED_EDGE('',*,*,#959,.F.);
#1323=ORIENTED_EDGE('',*,*,#942,.T.);
#1324=ORIENTED_EDGE('',*,*,#964,.T.);
#1325=ORIENTED_EDGE('',*,*,#965,.T.);
#1326=ORIENTED_EDGE('',*,*,#962,.F.);
#1327=ORIENTED_EDGE('',*,*,#945,.T.);
#1328=ORIENTED_EDGE('',*,*,#949,.F.);
#1329=ORIENTED_EDGE('',*,*,#966,.T.);
#1330=ORIENTED_EDGE('',*,*,#964,.F.);
#1331=ORIENTED_EDGE('',*,*,#946,.T.);
#1332=ORIENTED_EDGE('',*,*,#935,.F.);
#1333=ORIENTED_EDGE('',*,*,#967,.T.);
#1334=ORIENTED_EDGE('',*,*,#958,.F.);
#1335=ORIENTED_EDGE('',*,*,#968,.F.);
#1336=ORIENTED_EDGE('',*,*,#938,.F.);
#1337=ORIENTED_EDGE('',*,*,#968,.T.);
#1338=ORIENTED_EDGE('',*,*,#955,.F.);
#1339=ORIENTED_EDGE('',*,*,#969,.F.);
#1340=ORIENTED_EDGE('',*,*,#940,.F.);
#1341=ORIENTED_EDGE('',*,*,#969,.T.);
#1342=ORIENTED_EDGE('',*,*,#952,.F.);
#1343=ORIENTED_EDGE('',*,*,#918,.T.);
#1344=ORIENTED_EDGE('',*,*,#948,.F.);
#1345=ORIENTED_EDGE('',*,*,#951,.F.);
#1346=ORIENTED_EDGE('',*,*,#954,.F.);
#1347=ORIENTED_EDGE('',*,*,#957,.F.);
#1348=ORIENTED_EDGE('',*,*,#960,.F.);
#1349=ORIENTED_EDGE('',*,*,#963,.F.);
#1350=ORIENTED_EDGE('',*,*,#965,.F.);
#1351=ORIENTED_EDGE('',*,*,#966,.F.);
#1352=ORIENTED_EDGE('',*,*,#970,.F.);
#1353=ORIENTED_EDGE('',*,*,#971,.F.);
#1354=ORIENTED_EDGE('',*,*,#972,.F.);
#1355=ORIENTED_EDGE('',*,*,#973,.F.);
#1356=ORIENTED_EDGE('',*,*,#974,.F.);
#1357=ORIENTED_EDGE('',*,*,#975,.F.);
#1358=ORIENTED_EDGE('',*,*,#976,.F.);
#1359=ORIENTED_EDGE('',*,*,#977,.F.);
#1360=ORIENTED_EDGE('',*,*,#978,.T.);
#1361=ORIENTED_EDGE('',*,*,#970,.T.);
#1362=ORIENTED_EDGE('',*,*,#979,.T.);
#1363=ORIENTED_EDGE('',*,*,#980,.T.);
#1364=ORIENTED_EDGE('',*,*,#981,.T.);
#1365=ORIENTED_EDGE('',*,*,#971,.T.);
#1366=ORIENTED_EDGE('',*,*,#978,.F.);
#1367=ORIENTED_EDGE('',*,*,#869,.T.);
#1368=ORIENTED_EDGE('',*,*,#982,.T.);
#1369=ORIENTED_EDGE('',*,*,#972,.T.);
#1370=ORIENTED_EDGE('',*,*,#981,.F.);
#1371=ORIENTED_EDGE('',*,*,#983,.T.);
#1372=ORIENTED_EDGE('',*,*,#984,.T.);
#1373=ORIENTED_EDGE('',*,*,#973,.T.);
#1374=ORIENTED_EDGE('',*,*,#982,.F.);
#1375=ORIENTED_EDGE('',*,*,#985,.T.);
#1376=ORIENTED_EDGE('',*,*,#986,.T.);
#1377=ORIENTED_EDGE('',*,*,#974,.T.);
#1378=ORIENTED_EDGE('',*,*,#984,.F.);
#1379=ORIENTED_EDGE('',*,*,#987,.T.);
#1380=ORIENTED_EDGE('',*,*,#988,.T.);
#1381=ORIENTED_EDGE('',*,*,#975,.T.);
#1382=ORIENTED_EDGE('',*,*,#986,.F.);
#1383=ORIENTED_EDGE('',*,*,#989,.T.);
#1384=ORIENTED_EDGE('',*,*,#990,.T.);
#1385=ORIENTED_EDGE('',*,*,#976,.T.);
#1386=ORIENTED_EDGE('',*,*,#988,.F.);
#1387=ORIENTED_EDGE('',*,*,#991,.T.);
#1388=ORIENTED_EDGE('',*,*,#979,.F.);
#1389=ORIENTED_EDGE('',*,*,#977,.T.);
#1390=ORIENTED_EDGE('',*,*,#990,.F.);
#1391=ORIENTED_EDGE('',*,*,#992,.T.);
#1392=ORIENTED_EDGE('',*,*,#985,.F.);
#1393=ORIENTED_EDGE('',*,*,#993,.F.);
#1394=ORIENTED_EDGE('',*,*,#994,.F.);
#1395=ORIENTED_EDGE('',*,*,#995,.T.);
#1396=ORIENTED_EDGE('',*,*,#983,.F.);
#1397=ORIENTED_EDGE('',*,*,#868,.F.);
#1398=ORIENTED_EDGE('',*,*,#996,.F.);
#1399=ORIENTED_EDGE('',*,*,#993,.T.);
#1400=ORIENTED_EDGE('',*,*,#980,.F.);
#1401=ORIENTED_EDGE('',*,*,#997,.F.);
#1402=ORIENTED_EDGE('',*,*,#998,.F.);
#1403=ORIENTED_EDGE('',*,*,#870,.T.);
#1404=ORIENTED_EDGE('',*,*,#992,.F.);
#1405=ORIENTED_EDGE('',*,*,#999,.F.);
#1406=ORIENTED_EDGE('',*,*,#1000,.F.);
#1407=ORIENTED_EDGE('',*,*,#997,.T.);
#1408=ORIENTED_EDGE('',*,*,#991,.F.);
#1409=ORIENTED_EDGE('',*,*,#1001,.F.);
#1410=ORIENTED_EDGE('',*,*,#1002,.F.);
#1411=ORIENTED_EDGE('',*,*,#999,.T.);
#1412=ORIENTED_EDGE('',*,*,#989,.F.);
#1413=ORIENTED_EDGE('',*,*,#1003,.F.);
#1414=ORIENTED_EDGE('',*,*,#1004,.F.);
#1415=ORIENTED_EDGE('',*,*,#1001,.T.);
#1416=ORIENTED_EDGE('',*,*,#987,.F.);
#1417=ORIENTED_EDGE('',*,*,#995,.F.);
#1418=ORIENTED_EDGE('',*,*,#1005,.F.);
#1419=ORIENTED_EDGE('',*,*,#1003,.T.);
#1420=ORIENTED_EDGE('',*,*,#932,.F.);
#1421=ORIENTED_EDGE('',*,*,#943,.T.);
#1422=ORIENTED_EDGE('',*,*,#961,.F.);
#1423=ORIENTED_EDGE('',*,*,#967,.F.);
#1424=ORIENTED_EDGE('',*,*,#840,.T.);
#1425=ORIENTED_EDGE('',*,*,#859,.T.);
#1426=ORIENTED_EDGE('',*,*,#871,.T.);
#1427=ORIENTED_EDGE('',*,*,#998,.T.);
#1428=ORIENTED_EDGE('',*,*,#1000,.T.);
#1429=ORIENTED_EDGE('',*,*,#1002,.T.);
#1430=ORIENTED_EDGE('',*,*,#1004,.T.);
#1431=ORIENTED_EDGE('',*,*,#1005,.T.);
#1432=ORIENTED_EDGE('',*,*,#994,.T.);
#1433=ORIENTED_EDGE('',*,*,#996,.T.);
#1434=ORIENTED_EDGE('',*,*,#867,.T.);
#1435=ORIENTED_EDGE('',*,*,#825,.T.);
#1436=ORIENTED_EDGE('',*,*,#823,.F.);
#1437=ORIENTED_EDGE('',*,*,#835,.T.);
#1438=ORIENTED_EDGE('',*,*,#832,.F.);
#1439=ORIENTED_EDGE('',*,*,#790,.T.);
#1440=ORIENTED_EDGE('',*,*,#795,.T.);
#1441=ORIENTED_EDGE('',*,*,#800,.T.);
#1442=ORIENTED_EDGE('',*,*,#805,.T.);
#1443=ORIENTED_EDGE('',*,*,#810,.T.);
#1444=ORIENTED_EDGE('',*,*,#815,.T.);
#1445=ORIENTED_EDGE('',*,*,#820,.T.);
#1446=CONICAL_SURFACE('',#1565,1.675,0.785398163397448);
#1447=CONICAL_SURFACE('',#1570,1.675,0.785398163397448);
#1448=CONICAL_SURFACE('',#1575,1.675,0.785398163397448);
#1449=CONICAL_SURFACE('',#1580,1.675,0.785398163397448);
#1450=CONICAL_SURFACE('',#1585,1.675,0.785398163397448);
#1451=CONICAL_SURFACE('',#1590,1.675,0.785398163397448);
#1452=CONICAL_SURFACE('',#1595,1.675,0.785398163397448);
#1453=CONICAL_SURFACE('',#1659,11.5083333333333,0.78539816339745);
#1454=CONICAL_SURFACE('',#1663,11.5083333333333,0.785398163397449);
#1455=CONICAL_SURFACE('',#1667,11.5083333333333,0.785398163397449);
#1456=CONICAL_SURFACE('',#1671,11.5083333333333,0.785398163397449);
#1457=CONICAL_SURFACE('',#1681,11.5083333333333,0.785398163397449);
#1458=CONICAL_SURFACE('',#1685,11.5083333333333,0.785398163397449);
#1459=CONICAL_SURFACE('',#1689,11.5083333333333,0.785398163397449);
#1460=CONICAL_SURFACE('',#1692,11.5083333333333,0.78539816339745);
#1461=CONICAL_SURFACE('',#1702,3.425,0.785398163397447);
#1462=CONICAL_SURFACE('',#1705,3.42500000000001,0.78539816339745);
#1463=CONICAL_SURFACE('',#1708,3.425,0.785398163397447);
#1464=CONICAL_SURFACE('',#1711,3.42500000000001,0.785398163397447);
#1465=ADVANCED_FACE('',(#100),#1446,.F.);
#1466=ADVANCED_FACE('',(#101),#75,.F.);
#1467=ADVANCED_FACE('',(#102),#1447,.F.);
#1468=ADVANCED_FACE('',(#103),#76,.F.);
#1469=ADVANCED_FACE('',(#104),#1448,.F.);
#1470=ADVANCED_FACE('',(#105),#77,.F.);
#1471=ADVANCED_FACE('',(#106),#1449,.F.);
#1472=ADVANCED_FACE('',(#107),#78,.F.);
#1473=ADVANCED_FACE('',(#108),#1450,.F.);
#1474=ADVANCED_FACE('',(#109),#79,.F.);
#1475=ADVANCED_FACE('',(#110),#1451,.F.);
#1476=ADVANCED_FACE('',(#111),#80,.F.);
#1477=ADVANCED_FACE('',(#112),#1452,.F.);
#1478=ADVANCED_FACE('',(#113),#81,.F.);
#1479=ADVANCED_FACE('',(#114),#82,.F.);
#1480=ADVANCED_FACE('',(#115),#33,.F.);
#1481=ADVANCED_FACE('',(#116),#83,.F.);
#1482=ADVANCED_FACE('',(#117),#34,.F.);
#1483=ADVANCED_FACE('',(#118),#35,.F.);
#1484=ADVANCED_FACE('',(#119),#36,.F.);
#1485=ADVANCED_FACE('',(#120),#37,.F.);
#1486=ADVANCED_FACE('',(#121),#38,.F.);
#1487=ADVANCED_FACE('',(#122),#39,.F.);
#1488=ADVANCED_FACE('',(#123),#40,.F.);
#1489=ADVANCED_FACE('',(#124),#41,.F.);
#1490=ADVANCED_FACE('',(#125),#42,.T.);
#1491=ADVANCED_FACE('',(#126),#84,.F.);
#1492=ADVANCED_FACE('',(#127),#43,.T.);
#1493=ADVANCED_FACE('',(#128),#44,.F.);
#1494=ADVANCED_FACE('',(#129),#85,.F.);
#1495=ADVANCED_FACE('',(#130),#45,.F.);
#1496=ADVANCED_FACE('',(#131),#46,.F.);
#1497=ADVANCED_FACE('',(#132),#86,.F.);
#1498=ADVANCED_FACE('',(#133),#47,.F.);
#1499=ADVANCED_FACE('',(#134),#87,.F.);
#1500=ADVANCED_FACE('',(#135),#48,.F.);
#1501=ADVANCED_FACE('',(#136),#88,.F.);
#1502=ADVANCED_FACE('',(#137),#49,.F.);
#1503=ADVANCED_FACE('',(#138),#89,.F.);
#1504=ADVANCED_FACE('',(#139,#15),#50,.F.);
#1505=ADVANCED_FACE('',(#140),#51,.T.);
#1506=ADVANCED_FACE('',(#141),#52,.F.);
#1507=ADVANCED_FACE('',(#142),#90,.F.);
#1508=ADVANCED_FACE('',(#143),#53,.F.);
#1509=ADVANCED_FACE('',(#144),#91,.F.);
#1510=ADVANCED_FACE('',(#145),#54,.T.);
#1511=ADVANCED_FACE('',(#146),#1453,.T.);
#1512=ADVANCED_FACE('',(#147),#55,.T.);
#1513=ADVANCED_FACE('',(#148),#1454,.T.);
#1514=ADVANCED_FACE('',(#149),#56,.T.);
#1515=ADVANCED_FACE('',(#150),#1455,.T.);
#1516=ADVANCED_FACE('',(#151),#57,.T.);
#1517=ADVANCED_FACE('',(#152),#1456,.T.);
#1518=ADVANCED_FACE('',(#153),#92,.T.);
#1519=ADVANCED_FACE('',(#154),#58,.T.);
#1520=ADVANCED_FACE('',(#155),#93,.T.);
#1521=ADVANCED_FACE('',(#156,#16,#17,#18,#19,#20,#21,#22),#59,.F.);
#1522=ADVANCED_FACE('',(#157),#60,.T.);
#1523=ADVANCED_FACE('',(#158),#1457,.T.);
#1524=ADVANCED_FACE('',(#159),#61,.T.);
#1525=ADVANCED_FACE('',(#160),#1458,.T.);
#1526=ADVANCED_FACE('',(#161),#62,.T.);
#1527=ADVANCED_FACE('',(#162),#1459,.T.);
#1528=ADVANCED_FACE('',(#163),#63,.T.);
#1529=ADVANCED_FACE('',(#164),#1460,.T.);
#1530=ADVANCED_FACE('',(#165),#94,.T.);
#1531=ADVANCED_FACE('',(#166),#64,.T.);
#1532=ADVANCED_FACE('',(#167),#95,.T.);
#1533=ADVANCED_FACE('',(#168,#23),#65,.T.);
#1534=ADVANCED_FACE('',(#169),#1461,.F.);
#1535=ADVANCED_FACE('',(#170),#66,.T.);
#1536=ADVANCED_FACE('',(#171),#1462,.F.);
#1537=ADVANCED_FACE('',(#172),#67,.T.);
#1538=ADVANCED_FACE('',(#173),#1463,.F.);
#1539=ADVANCED_FACE('',(#174),#68,.T.);
#1540=ADVANCED_FACE('',(#175),#1464,.F.);
#1541=ADVANCED_FACE('',(#176),#69,.T.);
#1542=ADVANCED_FACE('',(#177),#70,.T.);
#1543=ADVANCED_FACE('',(#178),#96,.F.);
#1544=ADVANCED_FACE('',(#179),#97,.F.);
#1545=ADVANCED_FACE('',(#180),#71,.T.);
#1546=ADVANCED_FACE('',(#181),#98,.F.);
#1547=ADVANCED_FACE('',(#182),#72,.T.);
#1548=ADVANCED_FACE('',(#183),#99,.F.);
#1549=ADVANCED_FACE('',(#184),#73,.T.);
#1550=ADVANCED_FACE('',(#185,#24,#25,#26,#27,#28,#29,#30),#74,.T.);
#1551=CLOSED_SHELL('',(#1465,#1466,#1467,#1468,#1469,#1470,#1471,#1472,
#1473,#1474,#1475,#1476,#1477,#1478,#1479,#1480,#1481,#1482,#1483,#1484,
#1485,#1486,#1487,#1488,#1489,#1490,#1491,#1492,#1493,#1494,#1495,#1496,
#1497,#1498,#1499,#1500,#1501,#1502,#1503,#1504,#1505,#1506,#1507,#1508,
#1509,#1510,#1511,#1512,#1513,#1514,#1515,#1516,#1517,#1518,#1519,#1520,
#1521,#1522,#1523,#1524,#1525,#1526,#1527,#1528,#1529,#1530,#1531,#1532,
#1533,#1534,#1535,#1536,#1537,#1538,#1539,#1540,#1541,#1542,#1543,#1544,
#1545,#1546,#1547,#1548,#1549,#1550));
#1552=DERIVED_UNIT_ELEMENT(#1554,1.);
#1553=DERIVED_UNIT_ELEMENT(#2645,-3.);
#1554=(
MASS_UNIT()
NAMED_UNIT(*)
SI_UNIT(.KILO.,.GRAM.)
);
#1555=DERIVED_UNIT((#1552,#1553));
#1556=MEASURE_REPRESENTATION_ITEM('density measure',
POSITIVE_RATIO_MEASURE(7850.),#1555);
#1557=PROPERTY_DEFINITION_REPRESENTATION(#1562,#1559);
#1558=PROPERTY_DEFINITION_REPRESENTATION(#1563,#1560);
#1559=REPRESENTATION('material name',(#1561),#2642);
#1560=REPRESENTATION('density',(#1556),#2642);
#1561=DESCRIPTIVE_REPRESENTATION_ITEM('Steel','Steel');
#1562=PROPERTY_DEFINITION('material property','material name',#2652);
#1563=PROPERTY_DEFINITION('material property','density of part',#2652);
#1564=AXIS2_PLACEMENT_3D('',#2197,#1727,#1728);
#1565=AXIS2_PLACEMENT_3D('',#2198,#1729,#1730);
#1566=AXIS2_PLACEMENT_3D('',#2200,#1731,#1732);
#1567=AXIS2_PLACEMENT_3D('',#2203,#1734,#1735);
#1568=AXIS2_PLACEMENT_3D('',#2204,#1736,#1737);
#1569=AXIS2_PLACEMENT_3D('',#2207,#1739,#1740);
#1570=AXIS2_PLACEMENT_3D('',#2208,#1741,#1742);
#1571=AXIS2_PLACEMENT_3D('',#2210,#1743,#1744);
#1572=AXIS2_PLACEMENT_3D('',#2213,#1746,#1747);
#1573=AXIS2_PLACEMENT_3D('',#2214,#1748,#1749);
#1574=AXIS2_PLACEMENT_3D('',#2217,#1751,#1752);
#1575=AXIS2_PLACEMENT_3D('',#2218,#1753,#1754);
#1576=AXIS2_PLACEMENT_3D('',#2220,#1755,#1756);
#1577=AXIS2_PLACEMENT_3D('',#2223,#1758,#1759);
#1578=AXIS2_PLACEMENT_3D('',#2224,#1760,#1761);
#1579=AXIS2_PLACEMENT_3D('',#2227,#1763,#1764);
#1580=AXIS2_PLACEMENT_3D('',#2228,#1765,#1766);
#1581=AXIS2_PLACEMENT_3D('',#2230,#1767,#1768);
#1582=AXIS2_PLACEMENT_3D('',#2233,#1770,#1771);
#1583=AXIS2_PLACEMENT_3D('',#2234,#1772,#1773);
#1584=AXIS2_PLACEMENT_3D('',#2237,#1775,#1776);
#1585=AXIS2_PLACEMENT_3D('',#2238,#1777,#1778);
#1586=AXIS2_PLACEMENT_3D('',#2240,#1779,#1780);
#1587=AXIS2_PLACEMENT_3D('',#2243,#1782,#1783);
#1588=AXIS2_PLACEMENT_3D('',#2244,#1784,#1785);
#1589=AXIS2_PLACEMENT_3D('',#2247,#1787,#1788);
#1590=AXIS2_PLACEMENT_3D('',#2248,#1789,#1790);
#1591=AXIS2_PLACEMENT_3D('',#2250,#1791,#1792);
#1592=AXIS2_PLACEMENT_3D('',#2253,#1794,#1795);
#1593=AXIS2_PLACEMENT_3D('',#2254,#1796,#1797);
#1594=AXIS2_PLACEMENT_3D('',#2257,#1799,#1800);
#1595=AXIS2_PLACEMENT_3D('',#2258,#1801,#1802);
#1596=AXIS2_PLACEMENT_3D('',#2260,#1803,#1804);
#1597=AXIS2_PLACEMENT_3D('',#2263,#1806,#1807);
#1598=AXIS2_PLACEMENT_3D('',#2264,#1808,#1809);
#1599=AXIS2_PLACEMENT_3D('',#2267,#1811,#1812);
#1600=AXIS2_PLACEMENT_3D('',#2268,#1813,#1814);
#1601=AXIS2_PLACEMENT_3D('',#2271,#1815,#1816);
#1602=AXIS2_PLACEMENT_3D('',#2275,#1818,#1819);
#1603=AXIS2_PLACEMENT_3D('',#2277,#1821,#1822);
#1604=AXIS2_PLACEMENT_3D('',#2287,#1828,#1829);
#1605=AXIS2_PLACEMENT_3D('',#2290,#1830,#1831);
#1606=AXIS2_PLACEMENT_3D('',#2294,#1833,#1834);
#1607=AXIS2_PLACEMENT_3D('',#2296,#1836,#1837);
#1608=AXIS2_PLACEMENT_3D('',#2299,#1840,#1841);
#1609=AXIS2_PLACEMENT_3D('',#2309,#1847,#1848);
#1610=AXIS2_PLACEMENT_3D('',#2315,#1852,#1853);
#1611=AXIS2_PLACEMENT_3D('',#2324,#1858,#1859);
#1612=AXIS2_PLACEMENT_3D('',#2327,#1860,#1861);
#1613=AXIS2_PLACEMENT_3D('',#2330,#1863,#1864);
#1614=AXIS2_PLACEMENT_3D('',#2332,#1866,#1867);
#1615=AXIS2_PLACEMENT_3D('',#2334,#1868,#1869);
#1616=AXIS2_PLACEMENT_3D('',#2336,#1871,#1872);
#1617=AXIS2_PLACEMENT_3D('',#2338,#1873,#1874);
#1618=AXIS2_PLACEMENT_3D('',#2340,#1876,#1877);
#1619=AXIS2_PLACEMENT_3D('',#2344,#1880,#1881);
#1620=AXIS2_PLACEMENT_3D('',#2346,#1882,#1883);
#1621=AXIS2_PLACEMENT_3D('',#2348,#1885,#1886);
#1622=AXIS2_PLACEMENT_3D('',#2352,#1888,#1889);
#1623=AXIS2_PLACEMENT_3D('',#2355,#1891,#1892);
#1624=AXIS2_PLACEMENT_3D('',#2356,#1893,#1894);
#1625=AXIS2_PLACEMENT_3D('',#2358,#1895,#1896);
#1626=AXIS2_PLACEMENT_3D('',#2361,#1898,#1899);
#1627=AXIS2_PLACEMENT_3D('',#2373,#1906,#1907);
#1628=AXIS2_PLACEMENT_3D('',#2374,#1908,#1909);
#1629=AXIS2_PLACEMENT_3D('',#2378,#1912,#1913);
#1630=AXIS2_PLACEMENT_3D('',#2381,#1915,#1916);
#1631=AXIS2_PLACEMENT_3D('',#2382,#1917,#1918);
#1632=AXIS2_PLACEMENT_3D('',#2386,#1921,#1922);
#1633=AXIS2_PLACEMENT_3D('',#2395,#1927,#1928);
#1634=AXIS2_PLACEMENT_3D('',#2397,#1929,#1930);
#1635=AXIS2_PLACEMENT_3D('',#2399,#1931,#1932);
#1636=AXIS2_PLACEMENT_3D('',#2402,#1934,#1935);
#1637=AXIS2_PLACEMENT_3D('',#2403,#1936,#1937);
#1638=AXIS2_PLACEMENT_3D('',#2409,#1941,#1942);
#1639=AXIS2_PLACEMENT_3D('',#2411,#1943,#1944);
#1640=AXIS2_PLACEMENT_3D('',#2413,#1945,#1946);
#1641=AXIS2_PLACEMENT_3D('',#2416,#1948,#1949);
#1642=AXIS2_PLACEMENT_3D('',#2417,#1950,#1951);
#1643=AXIS2_PLACEMENT_3D('',#2423,#1955,#1956);
#1644=AXIS2_PLACEMENT_3D('',#2425,#1957,#1958);
#1645=AXIS2_PLACEMENT_3D('',#2427,#1959,#1960);
#1646=AXIS2_PLACEMENT_3D('',#2429,#1962,#1963);
#1647=AXIS2_PLACEMENT_3D('',#2435,#1967,#1968);
#1648=AXIS2_PLACEMENT_3D('',#2436,#1969,#1970);
#1649=AXIS2_PLACEMENT_3D('',#2437,#1971,#1972);
#1650=AXIS2_PLACEMENT_3D('',#2438,#1973,#1974);
#1651=AXIS2_PLACEMENT_3D('',#2440,#1975,#1976);
#1652=AXIS2_PLACEMENT_3D('',#2444,#1978,#1979);
#1653=AXIS2_PLACEMENT_3D('',#2446,#1981,#1982);
#1654=AXIS2_PLACEMENT_3D('',#2456,#1988,#1989);
#1655=AXIS2_PLACEMENT_3D('',#2458,#1991,#1992);
#1656=AXIS2_PLACEMENT_3D('',#2460,#1994,#1995);
#1657=AXIS2_PLACEMENT_3D('',#2462,#1997,#1998);
#1658=AXIS2_PLACEMENT_3D('',#2463,#1999,#2000);
#1659=AXIS2_PLACEMENT_3D('',#2469,#2004,#2005);
#1660=AXIS2_PLACEMENT_3D('',#2473,#2007,#2008);
#1661=AXIS2_PLACEMENT_3D('',#2474,#2009,#2010);
#1662=AXIS2_PLACEMENT_3D('',#2475,#2011,#2012);
#1663=AXIS2_PLACEMENT_3D('',#2481,#2016,#2017);
#1664=AXIS2_PLACEMENT_3D('',#2485,#2019,#2020);
#1665=AXIS2_PLACEMENT_3D('',#2486,#2021,#2022);
#1666=AXIS2_PLACEMENT_3D('',#2487,#2023,#2024);
#1667=AXIS2_PLACEMENT_3D('',#2493,#2028,#2029);
#1668=AXIS2_PLACEMENT_3D('',#2497,#2031,#2032);
#1669=AXIS2_PLACEMENT_3D('',#2498,#2033,#2034);
#1670=AXIS2_PLACEMENT_3D('',#2499,#2035,#2036);
#1671=AXIS2_PLACEMENT_3D('',#2505,#2040,#2041);
#1672=AXIS2_PLACEMENT_3D('',#2506,#2042,#2043);
#1673=AXIS2_PLACEMENT_3D('',#2507,#2044,#2045);
#1674=AXIS2_PLACEMENT_3D('',#2508,#2046,#2047);
#1675=AXIS2_PLACEMENT_3D('',#2512,#2049,#2050);
#1676=AXIS2_PLACEMENT_3D('',#2514,#2052,#2053);
#1677=AXIS2_PLACEMENT_3D('',#2518,#2056,#2057);
#1678=AXIS2_PLACEMENT_3D('',#2519,#2058,#2059);
#1679=AXIS2_PLACEMENT_3D('',#2520,#2060,#2061);
#1680=AXIS2_PLACEMENT_3D('',#2521,#2062,#2063);
#1681=AXIS2_PLACEMENT_3D('',#2527,#2067,#2068);
#1682=AXIS2_PLACEMENT_3D('',#2531,#2070,#2071);
#1683=AXIS2_PLACEMENT_3D('',#2532,#2072,#2073);
#1684=AXIS2_PLACEMENT_3D('',#2533,#2074,#2075);
#1685=AXIS2_PLACEMENT_3D('',#2539,#2079,#2080);
#1686=AXIS2_PLACEMENT_3D('',#2543,#2082,#2083);
#1687=AXIS2_PLACEMENT_3D('',#2544,#2084,#2085);
#1688=AXIS2_PLACEMENT_3D('',#2545,#2086,#2087);
#1689=AXIS2_PLACEMENT_3D('',#2550,#2091,#2092);
#1690=AXIS2_PLACEMENT_3D('',#2553,#2094,#2095);
#1691=AXIS2_PLACEMENT_3D('',#2554,#2096,#2097);
#1692=AXIS2_PLACEMENT_3D('',#2558,#2100,#2101);
#1693=AXIS2_PLACEMENT_3D('',#2559,#2102,#2103);
#1694=AXIS2_PLACEMENT_3D('',#2560,#2104,#2105);
#1695=AXIS2_PLACEMENT_3D('',#2563,#2108,#2109);
#1696=AXIS2_PLACEMENT_3D('',#2565,#2111,#2112);
#1697=AXIS2_PLACEMENT_3D('',#2566,#2113,#2114);
#1698=AXIS2_PLACEMENT_3D('',#2569,#2115,#2116);
#1699=AXIS2_PLACEMENT_3D('',#2573,#2118,#2119);
#1700=AXIS2_PLACEMENT_3D('',#2577,#2121,#2122);
#1701=AXIS2_PLACEMENT_3D('',#2581,#2124,#2125);
#1702=AXIS2_PLACEMENT_3D('',#2583,#2127,#2128);
#1703=AXIS2_PLACEMENT_3D('',#2587,#2131,#2132);
#1704=AXIS2_PLACEMENT_3D('',#2588,#2133,#2134);
#1705=AXIS2_PLACEMENT_3D('',#2590,#2136,#2137);
#1706=AXIS2_PLACEMENT_3D('',#2593,#2139,#2140);
#1707=AXIS2_PLACEMENT_3D('',#2594,#2141,#2142);
#1708=AXIS2_PLACEMENT_3D('',#2598,#2145,#2146);
#1709=AXIS2_PLACEMENT_3D('',#2601,#2148,#2149);
#1710=AXIS2_PLACEMENT_3D('',#2602,#2150,#2151);
#1711=AXIS2_PLACEMENT_3D('',#2606,#2154,#2155);
#1712=AXIS2_PLACEMENT_3D('',#2609,#2157,#2158);
#1713=AXIS2_PLACEMENT_3D('',#2610,#2159,#2160);
#1714=AXIS2_PLACEMENT_3D('',#2612,#2162,#2163);
#1715=AXIS2_PLACEMENT_3D('',#2618,#2167,#2168);
#1716=AXIS2_PLACEMENT_3D('',#2619,#2169,#2170);
#1717=AXIS2_PLACEMENT_3D('',#2620,#2171,#2172);
#1718=AXIS2_PLACEMENT_3D('',#2623,#2174,#2175);
#1719=AXIS2_PLACEMENT_3D('',#2624,#2176,#2177);
#1720=AXIS2_PLACEMENT_3D('',#2628,#2180,#2181);
#1721=AXIS2_PLACEMENT_3D('',#2631,#2183,#2184);
#1722=AXIS2_PLACEMENT_3D('',#2632,#2185,#2186);
#1723=AXIS2_PLACEMENT_3D('',#2636,#2189,#2190);
#1724=AXIS2_PLACEMENT_3D('',#2637,#2191,#2192);
#1725=AXIS2_PLACEMENT_3D('',#2638,#2193,#2194);
#1726=AXIS2_PLACEMENT_3D('',#2639,#2195,#2196);
#1727=DIRECTION('axis',(0.,0.,1.));
#1728=DIRECTION('refdir',(1.,0.,0.));
#1729=DIRECTION('center_axis',(0.,0.,-1.));
#1730=DIRECTION('ref_axis',(-1.,0.,0.));
#1731=DIRECTION('center_axis',(0.,0.,1.));
#1732=DIRECTION('ref_axis',(-1.,0.,0.));
#1733=DIRECTION('',(-0.707106781186547,-8.65956056235493E-17,0.707106781186548));
#1734=DIRECTION('center_axis',(0.,0.,1.));
#1735=DIRECTION('ref_axis',(-1.,0.,0.));
#1736=DIRECTION('center_axis',(0.,0.,1.));
#1737=DIRECTION('ref_axis',(-1.,0.,0.));
#1738=DIRECTION('',(0.,0.,1.));
#1739=DIRECTION('center_axis',(0.,0.,-1.));
#1740=DIRECTION('ref_axis',(-1.,0.,0.));
#1741=DIRECTION('center_axis',(0.,0.,-1.));
#1742=DIRECTION('ref_axis',(-1.,0.,0.));
#1743=DIRECTION('center_axis',(0.,0.,1.));
#1744=DIRECTION('ref_axis',(-1.,0.,0.));
#1745=DIRECTION('',(-0.707106781186547,-8.65956056235493E-17,0.707106781186548));
#1746=DIRECTION('center_axis',(0.,0.,1.));
#1747=DIRECTION('ref_axis',(-1.,0.,0.));
#1748=DIRECTION('center_axis',(0.,0.,1.));
#1749=DIRECTION('ref_axis',(-1.,0.,0.));
#1750=DIRECTION('',(0.,0.,1.));
#1751=DIRECTION('center_axis',(0.,0.,-1.));
#1752=DIRECTION('ref_axis',(-1.,0.,0.));
#1753=DIRECTION('center_axis',(0.,0.,-1.));
#1754=DIRECTION('ref_axis',(-1.,0.,0.));
#1755=DIRECTION('center_axis',(0.,0.,1.));
#1756=DIRECTION('ref_axis',(-1.,0.,0.));
#1757=DIRECTION('',(-0.707106781186547,-8.65956056235493E-17,0.707106781186548));
#1758=DIRECTION('center_axis',(0.,0.,1.));
#1759=DIRECTION('ref_axis',(-1.,0.,0.));
#1760=DIRECTION('center_axis',(0.,0.,1.));
#1761=DIRECTION('ref_axis',(-1.,0.,0.));
#1762=DIRECTION('',(0.,0.,1.));
#1763=DIRECTION('center_axis',(0.,0.,-1.));
#1764=DIRECTION('ref_axis',(-1.,0.,0.));
#1765=DIRECTION('center_axis',(0.,0.,-1.));
#1766=DIRECTION('ref_axis',(-1.,0.,0.));
#1767=DIRECTION('center_axis',(0.,0.,1.));
#1768=DIRECTION('ref_axis',(-1.,0.,0.));
#1769=DIRECTION('',(-0.707106781186547,-8.65956056235493E-17,0.707106781186548));
#1770=DIRECTION('center_axis',(0.,0.,1.));
#1771=DIRECTION('ref_axis',(-1.,0.,0.));
#1772=DIRECTION('center_axis',(0.,0.,1.));
#1773=DIRECTION('ref_axis',(-1.,0.,0.));
#1774=DIRECTION('',(0.,0.,1.));
#1775=DIRECTION('center_axis',(0.,0.,-1.));
#1776=DIRECTION('ref_axis',(-1.,0.,0.));
#1777=DIRECTION('center_axis',(0.,0.,-1.));
#1778=DIRECTION('ref_axis',(-1.,0.,0.));
#1779=DIRECTION('center_axis',(0.,0.,1.));
#1780=DIRECTION('ref_axis',(-1.,0.,0.));
#1781=DIRECTION('',(-0.707106781186547,-8.65956056235493E-17,0.707106781186548));
#1782=DIRECTION('center_axis',(0.,0.,1.));
#1783=DIRECTION('ref_axis',(-1.,0.,0.));
#1784=DIRECTION('center_axis',(0.,0.,1.));
#1785=DIRECTION('ref_axis',(-1.,0.,0.));
#1786=DIRECTION('',(0.,0.,1.));
#1787=DIRECTION('center_axis',(0.,0.,-1.));
#1788=DIRECTION('ref_axis',(-1.,0.,0.));
#1789=DIRECTION('center_axis',(0.,0.,-1.));
#1790=DIRECTION('ref_axis',(-1.,0.,0.));
#1791=DIRECTION('center_axis',(0.,0.,1.));
#1792=DIRECTION('ref_axis',(-1.,0.,0.));
#1793=DIRECTION('',(-0.707106781186547,-8.65956056235493E-17,0.707106781186548));
#1794=DIRECTION('center_axis',(0.,0.,1.));
#1795=DIRECTION('ref_axis',(-1.,0.,0.));
#1796=DIRECTION('center_axis',(0.,0.,1.));
#1797=DIRECTION('ref_axis',(-1.,0.,0.));
#1798=DIRECTION('',(0.,0.,1.));
#1799=DIRECTION('center_axis',(0.,0.,-1.));
#1800=DIRECTION('ref_axis',(-1.,0.,0.));
#1801=DIRECTION('center_axis',(0.,0.,-1.));
#1802=DIRECTION('ref_axis',(-1.,0.,0.));
#1803=DIRECTION('center_axis',(0.,0.,1.));
#1804=DIRECTION('ref_axis',(-1.,0.,0.));
#1805=DIRECTION('',(-0.707106781186547,-8.65956056235493E-17,0.707106781186548));
#1806=DIRECTION('center_axis',(0.,0.,1.));
#1807=DIRECTION('ref_axis',(-1.,0.,0.));
#1808=DIRECTION('center_axis',(0.,0.,1.));
#1809=DIRECTION('ref_axis',(-1.,0.,0.));
#1810=DIRECTION('',(0.,0.,1.));
#1811=DIRECTION('center_axis',(0.,0.,-1.));
#1812=DIRECTION('ref_axis',(-1.,0.,0.));
#1813=DIRECTION('center_axis',(0.,0.,-1.));
#1814=DIRECTION('ref_axis',(0.70710678118655,-0.707106781186546,0.));
#1815=DIRECTION('center_axis',(2.09161470850883E-14,0.,1.));
#1816=DIRECTION('ref_axis',(0.70710678118655,-0.707106781186546,0.));
#1817=DIRECTION('',(0.,0.,1.));
#1818=DIRECTION('center_axis',(0.,0.,1.));
#1819=DIRECTION('ref_axis',(0.70710678118655,-0.707106781186546,0.));
#1820=DIRECTION('',(0.,0.,-1.));
#1821=DIRECTION('center_axis',(1.,0.,0.));
#1822=DIRECTION('ref_axis',(0.,-1.,0.));
#1823=DIRECTION('',(0.,-1.,0.));
#1824=DIRECTION('',(0.,0.,-1.));
#1825=DIRECTION('',(0.,1.,0.));
#1826=DIRECTION('',(0.,0.,-1.));
#1827=DIRECTION('',(0.,-1.,0.));
#1828=DIRECTION('center_axis',(0.,0.,-1.));
#1829=DIRECTION('ref_axis',(-0.707106781186545,-0.70710678118655,0.));
#1830=DIRECTION('center_axis',(2.09161470850883E-14,0.,1.));
#1831=DIRECTION('ref_axis',(-0.707106781186545,-0.70710678118655,0.));
#1832=DIRECTION('',(0.,0.,1.));
#1833=DIRECTION('center_axis',(0.,0.,1.));
#1834=DIRECTION('ref_axis',(-0.707106781186545,-0.70710678118655,0.));
#1835=DIRECTION('',(0.,0.,-1.));
#1836=DIRECTION('center_axis',(0.,-1.,0.));
#1837=DIRECTION('ref_axis',(-1.,0.,0.));
#1838=DIRECTION('',(-1.,0.,0.));
#1839=DIRECTION('',(-1.,0.,0.));
#1840=DIRECTION('center_axis',(-1.,0.,0.));
#1841=DIRECTION('ref_axis',(0.,1.,0.));
#1842=DIRECTION('',(0.,1.,0.));
#1843=DIRECTION('',(0.,0.,-1.));
#1844=DIRECTION('',(0.,1.,0.));
#1845=DIRECTION('',(0.,0.,-1.));
#1846=DIRECTION('',(0.,1.,0.));
#1847=DIRECTION('center_axis',(0.,0.,1.));
#1848=DIRECTION('ref_axis',(1.,0.,0.));
#1849=DIRECTION('',(1.,-1.19673714758607E-16,0.));
#1850=DIRECTION('',(0.,-1.,0.));
#1851=DIRECTION('',(1.,1.69176841847643E-15,0.));
#1852=DIRECTION('center_axis',(0.,0.,1.));
#1853=DIRECTION('ref_axis',(1.,0.,0.));
#1854=DIRECTION('',(1.,-1.19673714758607E-16,0.));
#1855=DIRECTION('',(0.,-1.,0.));
#1856=DIRECTION('',(1.,1.69176841847643E-15,0.));
#1857=DIRECTION('',(0.,1.,0.));
#1858=DIRECTION('center_axis',(-1.69176841847643E-15,1.,0.));
#1859=DIRECTION('ref_axis',(1.,1.69176841847643E-15,0.));
#1860=DIRECTION('center_axis',(1.69176841847643E-15,-1.,0.));
#1861=DIRECTION('ref_axis',(1.,0.,-1.3987061727561E-15));
#1862=DIRECTION('',(1.,1.69176841847643E-15,0.));
#1863=DIRECTION('center_axis',(1.69176841847643E-15,-1.,0.));
#1864=DIRECTION('ref_axis',(0.,0.,1.));
#1865=DIRECTION('',(0.,0.,1.));
#1866=DIRECTION('center_axis',(-1.69176841847643E-15,1.,0.));
#1867=DIRECTION('ref_axis',(1.,1.69176841847643E-15,0.));
#1868=DIRECTION('center_axis',(1.69176841847643E-15,-1.,0.));
#1869=DIRECTION('ref_axis',(-2.23792987640976E-14,0.,-1.));
#1870=DIRECTION('',(1.,1.69176841847643E-15,0.));
#1871=DIRECTION('center_axis',(-1.69176841847643E-15,1.,0.));
#1872=DIRECTION('ref_axis',(1.,1.69176841847643E-15,0.));
#1873=DIRECTION('center_axis',(1.69176841847643E-15,-1.,0.));
#1874=DIRECTION('ref_axis',(-1.,0.,0.));
#1875=DIRECTION('',(0.,0.,-1.));
#1876=DIRECTION('center_axis',(-1.,0.,0.));
#1877=DIRECTION('ref_axis',(0.,1.,0.));
#1878=DIRECTION('',(0.,0.,1.));
#1879=DIRECTION('',(0.,-1.,0.));
#1880=DIRECTION('center_axis',(0.,1.,0.));
#1881=DIRECTION('ref_axis',(-1.,0.,0.));
#1882=DIRECTION('center_axis',(0.,1.,0.));
#1883=DIRECTION('ref_axis',(-2.23792987640976E-14,0.,-1.));
#1884=DIRECTION('',(-1.,1.19673714758607E-16,0.));
#1885=DIRECTION('center_axis',(0.,1.,0.));
#1886=DIRECTION('ref_axis',(-2.23792987640976E-14,0.,-1.));
#1887=DIRECTION('',(0.,1.,0.));
#1888=DIRECTION('center_axis',(1.19673714758607E-16,1.,0.));
#1889=DIRECTION('ref_axis',(-2.23792987640976E-14,0.,-1.));
#1890=DIRECTION('',(0.,1.,0.));
#1891=DIRECTION('center_axis',(1.19673714758607E-16,1.,0.));
#1892=DIRECTION('ref_axis',(-2.23792987640976E-14,0.,-1.));
#1893=DIRECTION('center_axis',(-1.19673714758607E-16,-1.,0.));
#1894=DIRECTION('ref_axis',(1.,-1.19673714758607E-16,0.));
#1895=DIRECTION('center_axis',(1.19673714758607E-16,1.,0.));
#1896=DIRECTION('ref_axis',(-1.,0.,0.));
#1897=DIRECTION('',(1.,-1.19673714758607E-16,1.51566283225277E-16));
#1898=DIRECTION('center_axis',(1.19673714758607E-16,1.,0.));
#1899=DIRECTION('ref_axis',(0.,0.,1.));
#1900=DIRECTION('',(-1.,1.19673714758607E-16,0.));
#1901=DIRECTION('',(0.,0.,1.));
#1902=DIRECTION('',(1.,-1.19673714758607E-16,0.));
#1903=DIRECTION('',(0.,0.,1.));
#1904=DIRECTION('',(-1.,1.19673714758607E-16,0.));
#1905=DIRECTION('',(0.,0.,1.));
#1906=DIRECTION('center_axis',(1.19673714758607E-16,1.,0.));
#1907=DIRECTION('ref_axis',(-1.,0.,0.));
#1908=DIRECTION('center_axis',(-2.09161470850883E-14,0.,-1.));
#1909=DIRECTION('ref_axis',(-1.,0.,2.09161470850883E-14));
#1910=DIRECTION('',(0.,1.,0.));
#1911=DIRECTION('',(-1.,1.19673714758607E-16,2.09161470850883E-14));
#1912=DIRECTION('center_axis',(0.,1.,0.));
#1913=DIRECTION('ref_axis',(1.,0.,-1.3987061727561E-15));
#1914=DIRECTION('',(0.,1.,0.));
#1915=DIRECTION('center_axis',(1.19673714758607E-16,1.,0.));
#1916=DIRECTION('ref_axis',(1.,0.,-1.3987061727561E-15));
#1917=DIRECTION('center_axis',(1.,0.,0.));
#1918=DIRECTION('ref_axis',(0.,0.,-1.));
#1919=DIRECTION('',(0.,1.,0.));
#1920=DIRECTION('',(0.,0.,-1.));
#1921=DIRECTION('center_axis',(-1.,0.,0.));
#1922=DIRECTION('ref_axis',(0.,0.,1.));
#1923=DIRECTION('',(0.,0.,-1.));
#1924=DIRECTION('',(0.,1.,0.));
#1925=DIRECTION('',(0.,0.,-1.));
#1926=DIRECTION('',(0.,1.,0.));
#1927=DIRECTION('center_axis',(0.,1.,0.));
#1928=DIRECTION('ref_axis',(-1.,0.,-9.43957740744094E-15));
#1929=DIRECTION('center_axis',(-1.19673714758607E-16,-1.,0.));
#1930=DIRECTION('ref_axis',(-1.,0.,-9.43957740744094E-15));
#1931=DIRECTION('center_axis',(-1.19673714758607E-16,-1.,0.));
#1932=DIRECTION('ref_axis',(-1.,1.19673714758607E-16,-9.43957740744094E-15));
#1933=DIRECTION('',(0.,1.,0.));
#1934=DIRECTION('center_axis',(-8.46220952355953E-17,-0.707106781186548,
0.707106781186547));
#1935=DIRECTION('ref_axis',(-6.67478919633682E-15,0.707106781186547,0.707106781186548));
#1936=DIRECTION('center_axis',(-2.21286773508904E-14,0.,-1.));
#1937=DIRECTION('ref_axis',(-1.,1.19673714758607E-16,2.21286773508904E-14));
#1938=DIRECTION('',(1.,-2.2248351065649E-14,-2.21286773508904E-14));
#1939=DIRECTION('',(-1.,1.19673714758607E-16,2.21286773508904E-14));
#1940=DIRECTION('',(0.,1.,0.));
#1941=DIRECTION('center_axis',(0.,1.,0.));
#1942=DIRECTION('ref_axis',(-2.74605888216463E-14,0.,-1.));
#1943=DIRECTION('center_axis',(-8.46220952355953E-17,-0.707106781186548,
0.707106781186547));
#1944=DIRECTION('ref_axis',(-1.94175685711616E-14,-0.707106781186547,-0.707106781186548));
#1945=DIRECTION('center_axis',(-1.19673714758607E-16,-1.,0.));
#1946=DIRECTION('ref_axis',(-2.74605888216463E-14,3.28631067374508E-30,
-1.));
#1947=DIRECTION('',(0.,1.,0.));
#1948=DIRECTION('center_axis',(-1.19673714758607E-16,-1.,0.));
#1949=DIRECTION('ref_axis',(-2.74605888216463E-14,0.,-1.));
#1950=DIRECTION('center_axis',(1.,0.,0.));
#1951=DIRECTION('ref_axis',(0.,0.,-1.));
#1952=DIRECTION('',(0.,0.,1.));
#1953=DIRECTION('',(0.,0.,-1.));
#1954=DIRECTION('',(0.,1.,0.));
#1955=DIRECTION('center_axis',(0.,1.,0.));
#1956=DIRECTION('ref_axis',(1.,0.,0.));
#1957=DIRECTION('center_axis',(-1.19673714758607E-16,-1.,0.));
#1958=DIRECTION('ref_axis',(1.,0.,0.));
#1959=DIRECTION('center_axis',(-1.19673714758607E-16,-1.,0.));
#1960=DIRECTION('ref_axis',(1.,-1.19673714758607E-16,0.));
#1961=DIRECTION('',(0.,1.,0.));
#1962=DIRECTION('center_axis',(8.33614557739025E-16,0.,1.));
#1963=DIRECTION('ref_axis',(1.,-1.19673714758607E-16,-8.33614557739025E-16));
#1964=DIRECTION('',(-1.,1.19673714758607E-16,8.33614557739025E-16));
#1965=DIRECTION('',(1.,-1.19673714758607E-16,-8.33614557739025E-16));
#1966=DIRECTION('',(0.,1.,0.));
#1967=DIRECTION('center_axis',(0.,1.,0.));
#1968=DIRECTION('ref_axis',(3.43257360270579E-15,0.,1.));
#1969=DIRECTION('center_axis',(-1.19673714758607E-16,-1.,0.));
#1970=DIRECTION('ref_axis',(3.43257360270579E-15,0.,1.));
#1971=DIRECTION('center_axis',(-1.19673714758607E-16,-1.,0.));
#1972=DIRECTION('ref_axis',(3.43257360270579E-15,-4.10788834218135E-31,
1.));
#1973=DIRECTION('center_axis',(-1.19673714758607E-16,-1.,0.));
#1974=DIRECTION('ref_axis',(-1.,1.19673714758607E-16,0.));
#1975=DIRECTION('center_axis',(1.19673714758607E-16,1.,0.));
#1976=DIRECTION('ref_axis',(0.,0.,1.));
#1977=DIRECTION('',(1.,-1.19673714758607E-16,1.51566283225277E-16));
#1978=DIRECTION('center_axis',(1.19673714758607E-16,1.,0.));
#1979=DIRECTION('ref_axis',(-1.,0.,0.));
#1980=DIRECTION('',(0.,0.,1.));
#1981=DIRECTION('center_axis',(8.46220952355953E-17,0.707106781186548,-0.707106781186547));
#1982=DIRECTION('ref_axis',(-1.,0.,-1.19673714758607E-16));
#1983=DIRECTION('',(1.,-1.19673714758607E-16,0.));
#1984=DIRECTION('',(0.,-0.707106781186547,-0.707106781186548));
#1985=DIRECTION('',(-1.,1.19673714758607E-16,0.));
#1986=DIRECTION('',(0.,0.707106781186547,0.707106781186548));
#1987=DIRECTION('',(1.,-1.19673714758607E-16,0.));
#1988=DIRECTION('center_axis',(-1.,0.,0.));
#1989=DIRECTION('ref_axis',(0.,0.,1.));
#1990=DIRECTION('',(0.,1.,0.));
#1991=DIRECTION('center_axis',(0.,1.,0.));
#1992=DIRECTION('ref_axis',(-1.,0.,0.));
#1993=DIRECTION('',(0.,1.,0.));
#1994=DIRECTION('center_axis',(-1.51566283225277E-16,0.,1.));
#1995=DIRECTION('ref_axis',(1.,0.,1.51566283225277E-16));
#1996=DIRECTION('',(0.,1.,0.));
#1997=DIRECTION('center_axis',(0.,1.,0.));
#1998=DIRECTION('ref_axis',(0.,0.,1.));
#1999=DIRECTION('center_axis',(1.19673714758607E-16,1.,0.));
#2000=DIRECTION('ref_axis',(1.,-1.19673714758607E-16,0.));
#2001=DIRECTION('',(0.,0.,-1.));
#2002=DIRECTION('',(-1.,1.19673714758607E-16,0.));
#2003=DIRECTION('',(0.,0.,1.));
#2004=DIRECTION('center_axis',(0.,0.,1.));
#2005=DIRECTION('ref_axis',(1.,3.37069608994355E-16,0.));
#2006=DIRECTION('',(-0.707106781186548,0.,-0.707106781186547));
#2007=DIRECTION('center_axis',(0.,0.,1.));
#2008=DIRECTION('ref_axis',(1.,3.37069608994355E-16,0.));
#2009=DIRECTION('center_axis',(0.,0.,-1.));
#2010=DIRECTION('ref_axis',(1.,3.37069608994355E-16,0.));
#2011=DIRECTION('center_axis',(0.707106781186547,0.,-0.707106781186548));
#2012=DIRECTION('ref_axis',(-0.707106781186548,0.,-0.707106781186547));
#2013=DIRECTION('',(-0.707106781186548,-9.42055475210264E-16,-0.707106781186547));
#2014=DIRECTION('',(0.,1.,0.));
#2015=DIRECTION('',(0.,-1.,0.));
#2016=DIRECTION('center_axis',(0.,0.,1.));
#2017=DIRECTION('ref_axis',(2.69655687195484E-15,-1.,0.));
#2018=DIRECTION('',(-3.76822190084106E-15,0.707106781186548,-0.707106781186547));
#2019=DIRECTION('center_axis',(0.,0.,1.));
#2020=DIRECTION('ref_axis',(2.69655687195484E-15,-1.,0.));
#2021=DIRECTION('center_axis',(0.,0.,-1.));
#2022=DIRECTION('ref_axis',(2.69655687195484E-15,-1.,0.));
#2023=DIRECTION('center_axis',(2.82073650785318E-17,-0.707106781186548,
-0.707106781186547));
#2024=DIRECTION('ref_axis',(-1.,0.,-3.98912382528689E-17));
#2025=DIRECTION('',(0.,0.707106781186547,-0.707106781186548));
#2026=DIRECTION('',(1.,3.98912382528689E-17,0.));
#2027=DIRECTION('',(-1.,-3.98912382528689E-17,0.));
#2028=DIRECTION('center_axis',(0.,0.,1.));
#2029=DIRECTION('ref_axis',(-1.,-2.35948726296048E-15,0.));
#2030=DIRECTION('',(0.707106781186548,1.88411095042053E-15,-0.707106781186547));
#2031=DIRECTION('center_axis',(0.,0.,1.));
#2032=DIRECTION('ref_axis',(-1.,-2.35948726296048E-15,0.));
#2033=DIRECTION('center_axis',(0.,0.,-1.));
#2034=DIRECTION('ref_axis',(-1.,-2.35948726296048E-15,0.));
#2035=DIRECTION('center_axis',(-0.707106781186547,-1.95567071994582E-15,
-0.707106781186548));
#2036=DIRECTION('ref_axis',(-0.707106781186548,0.,0.707106781186547));
#2037=DIRECTION('',(0.707106781186546,1.88411095042053E-15,-0.707106781186549));
#2038=DIRECTION('',(2.76573605568333E-15,-1.,0.));
#2039=DIRECTION('',(-2.76573605568333E-15,1.,0.));
#2040=DIRECTION('center_axis',(0.,0.,1.));
#2041=DIRECTION('ref_axis',(0.,1.,0.));
#2042=DIRECTION('center_axis',(0.,0.,1.));
#2043=DIRECTION('ref_axis',(0.,1.,0.));
#2044=DIRECTION('center_axis',(0.,0.,-1.));
#2045=DIRECTION('ref_axis',(0.,1.,0.));
#2046=DIRECTION('center_axis',(0.,0.,-1.));
#2047=DIRECTION('ref_axis',(2.69655687195484E-15,-1.,0.));
#2048=DIRECTION('',(0.,0.,1.));
#2049=DIRECTION('center_axis',(0.,0.,1.));
#2050=DIRECTION('ref_axis',(2.69655687195484E-15,-1.,0.));
#2051=DIRECTION('',(0.,0.,1.));
#2052=DIRECTION('center_axis',(1.,0.,0.));
#2053=DIRECTION('ref_axis',(0.,-1.,0.));
#2054=DIRECTION('',(0.,0.,1.));
#2055=DIRECTION('',(0.,1.,0.));
#2056=DIRECTION('center_axis',(0.,0.,-1.));
#2057=DIRECTION('ref_axis',(1.,3.37069608994355E-16,0.));
#2058=DIRECTION('center_axis',(0.,0.,1.));
#2059=DIRECTION('ref_axis',(1.,3.37069608994355E-16,0.));
#2060=DIRECTION('center_axis',(0.,0.,1.));
#2061=DIRECTION('ref_axis',(1.,0.,0.));
#2062=DIRECTION('center_axis',(8.46220952355953E-17,0.707106781186548,0.707106781186547));
#2063=DIRECTION('ref_axis',(1.,0.,-1.19673714758607E-16));
#2064=DIRECTION('',(0.,-0.707106781186547,0.707106781186548));
#2065=DIRECTION('',(1.,-1.19673714758607E-16,0.));
#2066=DIRECTION('',(0.,0.707106781186547,-0.707106781186548));
#2067=DIRECTION('center_axis',(0.,0.,-1.));
#2068=DIRECTION('ref_axis',(0.,1.,0.));
#2069=DIRECTION('',(0.707106781186546,1.88411095042053E-15,0.707106781186549));
#2070=DIRECTION('center_axis',(0.,0.,-1.));
#2071=DIRECTION('ref_axis',(0.,1.,0.));
#2072=DIRECTION('center_axis',(0.,0.,1.));
#2073=DIRECTION('ref_axis',(0.,1.,0.));
#2074=DIRECTION('center_axis',(-0.707106781186547,-1.95567071994582E-15,
0.707106781186548));
#2075=DIRECTION('ref_axis',(0.707106781186548,0.,0.707106781186547));
#2076=DIRECTION('',(0.707106781186548,1.88411095042053E-15,0.707106781186547));
#2077=DIRECTION('',(-2.76573605568333E-15,1.,0.));
#2078=DIRECTION('',(2.76573605568333E-15,-1.,0.));
#2079=DIRECTION('center_axis',(0.,0.,-1.));
#2080=DIRECTION('ref_axis',(-1.,-2.35948726296048E-15,0.));
#2081=DIRECTION('',(0.,0.707106781186546,0.707106781186549));
#2082=DIRECTION('center_axis',(0.,0.,-1.));
#2083=DIRECTION('ref_axis',(-1.,-2.35948726296048E-15,0.));
#2084=DIRECTION('center_axis',(0.,0.,1.));
#2085=DIRECTION('ref_axis',(-1.,-2.35948726296048E-15,0.));
#2086=DIRECTION('center_axis',(2.82073650785318E-17,-0.707106781186548,
0.707106781186547));
#2087=DIRECTION('ref_axis',(1.,0.,-3.98912382528689E-17));
#2088=DIRECTION('',(0.,0.707106781186547,0.707106781186548));
#2089=DIRECTION('',(-1.,-3.98912382528689E-17,0.));
#2090=DIRECTION('',(1.,3.98912382528689E-17,0.));
#2091=DIRECTION('center_axis',(0.,0.,-1.));
#2092=DIRECTION('ref_axis',(2.69655687195484E-15,-1.,0.));
#2093=DIRECTION('',(-0.70710678118655,0.,0.707106781186545));
#2094=DIRECTION('center_axis',(0.,0.,-1.));
#2095=DIRECTION('ref_axis',(2.69655687195484E-15,-1.,0.));
#2096=DIRECTION('center_axis',(0.707106781186547,0.,0.707106781186548));
#2097=DIRECTION('ref_axis',(0.707106781186548,0.,-0.707106781186547));
#2098=DIRECTION('',(-0.707106781186548,0.,0.707106781186547));
#2099=DIRECTION('',(0.,-1.,0.));
#2100=DIRECTION('center_axis',(0.,0.,-1.));
#2101=DIRECTION('ref_axis',(1.,3.37069608994355E-16,0.));
#2102=DIRECTION('center_axis',(0.,0.,-1.));
#2103=DIRECTION('ref_axis',(1.,3.37069608994355E-16,0.));
#2104=DIRECTION('center_axis',(0.,0.,-1.));
#2105=DIRECTION('ref_axis',(-1.,-2.35948726296048E-15,0.));
#2106=DIRECTION('',(0.,0.,1.));
#2107=DIRECTION('',(0.,0.,1.));
#2108=DIRECTION('center_axis',(-1.,-2.76573605568333E-15,0.));
#2109=DIRECTION('ref_axis',(-2.76573605568333E-15,1.,0.));
#2110=DIRECTION('',(0.,0.,1.));
#2111=DIRECTION('center_axis',(0.,0.,-1.));
#2112=DIRECTION('ref_axis',(0.,1.,0.));
#2113=DIRECTION('center_axis',(0.,0.,1.));
#2114=DIRECTION('ref_axis',(1.,0.,0.));
#2115=DIRECTION('center_axis',(0.,0.,1.));
#2116=DIRECTION('ref_axis',(0.,1.,0.));
#2117=DIRECTION('',(-1.,1.19673714758607E-16,0.));
#2118=DIRECTION('center_axis',(0.,0.,1.));
#2119=DIRECTION('ref_axis',(1.,0.,0.));
#2120=DIRECTION('',(0.,1.,0.));
#2121=DIRECTION('center_axis',(0.,0.,1.));
#2122=DIRECTION('ref_axis',(0.,-1.,0.));
#2123=DIRECTION('',(1.,0.,0.));
#2124=DIRECTION('center_axis',(0.,0.,1.));
#2125=DIRECTION('ref_axis',(-1.,-2.7974123455122E-15,0.));
#2126=DIRECTION('',(2.76573605568333E-15,-1.,0.));
#2127=DIRECTION('center_axis',(0.,0.,1.));
#2128=DIRECTION('ref_axis',(0.,1.,0.));
#2129=DIRECTION('',(0.,0.707106781186546,0.707106781186549));
#2130=DIRECTION('',(0.707106781186552,0.,-0.707106781186543));
#2131=DIRECTION('center_axis',(0.,0.,-1.));
#2132=DIRECTION('ref_axis',(0.,1.,0.));
#2133=DIRECTION('center_axis',(-8.46220952355955E-17,-0.707106781186549,
0.707106781186546));
#2134=DIRECTION('ref_axis',(1.,0.,1.19673714758607E-16));
#2135=DIRECTION('',(0.,0.70710678118654,0.707106781186555));
#2136=DIRECTION('center_axis',(0.,0.,1.));
#2137=DIRECTION('ref_axis',(1.,0.,0.));
#2138=DIRECTION('',(0.707106781186552,0.,0.707106781186543));
#2139=DIRECTION('center_axis',(0.,0.,-1.));
#2140=DIRECTION('ref_axis',(1.,0.,0.));
#2141=DIRECTION('center_axis',(-0.707106781186543,0.,0.707106781186552));
#2142=DIRECTION('ref_axis',(0.707106781186552,0.,0.707106781186543));
#2143=DIRECTION('',(0.707106781186565,-6.28036983473494E-15,0.70710678118653));
#2144=DIRECTION('',(0.,-1.,0.));
#2145=DIRECTION('center_axis',(0.,0.,1.));
#2146=DIRECTION('ref_axis',(0.,-1.,0.));
#2147=DIRECTION('',(0.,-0.707106781186546,0.707106781186549));
#2148=DIRECTION('center_axis',(0.,0.,-1.));
#2149=DIRECTION('ref_axis',(0.,-1.,0.));
#2150=DIRECTION('center_axis',(0.,0.707106781186549,0.707106781186546));
#2151=DIRECTION('ref_axis',(1.,0.,0.));
#2152=DIRECTION('',(2.51214793389407E-14,-0.70710678118654,0.707106781186555));
#2153=DIRECTION('',(-1.,0.,0.));
#2154=DIRECTION('center_axis',(0.,0.,1.));
#2155=DIRECTION('ref_axis',(-1.,-2.7974123455122E-15,0.));
#2156=DIRECTION('',(-0.707106781186552,0.,0.707106781186543));
#2157=DIRECTION('center_axis',(0.,0.,-1.));
#2158=DIRECTION('ref_axis',(-1.,-2.7974123455122E-15,0.));
#2159=DIRECTION('center_axis',(0.707106781186555,1.95567071994584E-15,0.70710678118654));
#2160=DIRECTION('ref_axis',(0.70710678118654,0.,-0.707106781186555));
#2161=DIRECTION('',(-2.76573605568333E-15,1.,0.));
#2162=DIRECTION('center_axis',(-1.,0.,0.));
#2163=DIRECTION('ref_axis',(0.,-1.,0.));
#2164=DIRECTION('',(0.,0.,1.));
#2165=DIRECTION('',(0.,1.,0.));
#2166=DIRECTION('',(0.,0.,1.));
#2167=DIRECTION('center_axis',(0.,0.,1.));
#2168=DIRECTION('ref_axis',(1.,0.,0.));
#2169=DIRECTION('center_axis',(0.,0.,1.));
#2170=DIRECTION('ref_axis',(1.,0.,0.));
#2171=DIRECTION('center_axis',(0.,0.,1.));
#2172=DIRECTION('ref_axis',(0.,1.,0.));
#2173=DIRECTION('',(0.,0.,1.));
#2174=DIRECTION('center_axis',(0.,0.,1.));
#2175=DIRECTION('ref_axis',(0.,1.,0.));
#2176=DIRECTION('center_axis',(1.,2.76573605568333E-15,0.));
#2177=DIRECTION('ref_axis',(-2.76573605568333E-15,1.,0.));
#2178=DIRECTION('',(0.,0.,1.));
#2179=DIRECTION('',(2.76573605568333E-15,-1.,0.));
#2180=DIRECTION('center_axis',(0.,0.,1.));
#2181=DIRECTION('ref_axis',(-1.,-2.7974123455122E-15,0.));
#2182=DIRECTION('',(0.,0.,1.));
#2183=DIRECTION('center_axis',(0.,0.,1.));
#2184=DIRECTION('ref_axis',(-1.,-2.7974123455122E-15,0.));
#2185=DIRECTION('center_axis',(0.,1.,0.));
#2186=DIRECTION('ref_axis',(-1.,0.,0.));
#2187=DIRECTION('',(0.,0.,1.));
#2188=DIRECTION('',(1.,0.,0.));
#2189=DIRECTION('center_axis',(0.,0.,1.));
#2190=DIRECTION('ref_axis',(0.,-1.,0.));
#2191=DIRECTION('center_axis',(0.,0.,1.));
#2192=DIRECTION('ref_axis',(0.,-1.,0.));
#2193=DIRECTION('center_axis',(3.98912382528689E-17,-1.,0.));
#2194=DIRECTION('ref_axis',(-1.,-3.98912382528689E-17,0.));
#2195=DIRECTION('center_axis',(0.,0.,1.));
#2196=DIRECTION('ref_axis',(1.,0.,0.));
#2197=CARTESIAN_POINT('',(0.,0.,0.));
#2198=CARTESIAN_POINT('Origin',(-95.0000421256429,-8.45936996675547E-5,
-9.425));
#2199=CARTESIAN_POINT('',(-92.7500421256429,-8.45936996672791E-5,-10.));
#2200=CARTESIAN_POINT('Origin',(-95.0000421256429,-8.45936996675547E-5,
-10.));
#2201=CARTESIAN_POINT('',(-93.9000421256429,-8.459369966742E-5,-8.84999999999999));
#2202=CARTESIAN_POINT('',(-93.3250421256429,-8.45936996673496E-5,-9.425));
#2203=CARTESIAN_POINT('Origin',(-95.0000421256429,-8.45936996675547E-5,
-8.85));
#2204=CARTESIAN_POINT('Origin',(-95.0000421256429,-8.45936996675547E-5,
0.449999999999999));
#2205=CARTESIAN_POINT('',(-93.9000421256429,-8.45936996676894E-5,-6.));
#2206=CARTESIAN_POINT('',(-93.9000421256429,-8.459369966742E-5,0.449999999999999));
#2207=CARTESIAN_POINT('Origin',(-95.0000421256429,-8.45936996675547E-5,
-6.));
#2208=CARTESIAN_POINT('Origin',(-57.0000415655757,18.9999157939654,-9.425));
#2209=CARTESIAN_POINT('',(-54.7500415655757,18.9999157939654,-10.));
#2210=CARTESIAN_POINT('Origin',(-57.0000415655757,18.9999157939654,-10.));
#2211=CARTESIAN_POINT('',(-55.9000415655757,18.9999157939654,-8.85));
#2212=CARTESIAN_POINT('',(-55.3250415655757,18.9999157939654,-9.425));
#2213=CARTESIAN_POINT('Origin',(-57.0000415655757,18.9999157939654,-8.85));
#2214=CARTESIAN_POINT('Origin',(-57.0000415655757,18.9999157939654,0.449999999999999));
#2215=CARTESIAN_POINT('',(-55.9000415655757,18.9999157939654,-6.));
#2216=CARTESIAN_POINT('',(-55.9000415655757,18.9999157939654,0.449999999999999));
#2217=CARTESIAN_POINT('Origin',(-57.0000415655757,18.9999157939654,-6.));
#2218=CARTESIAN_POINT('Origin',(56.9999611247188,18.9999158103369,-9.425));
#2219=CARTESIAN_POINT('',(59.2499611247188,18.9999158103369,-10.));
#2220=CARTESIAN_POINT('Origin',(56.9999611247188,18.9999158103369,-10.));
#2221=CARTESIAN_POINT('',(58.0999611247188,18.9999158103369,-8.85));
#2222=CARTESIAN_POINT('',(58.6749611247188,18.9999158103369,-9.425));
#2223=CARTESIAN_POINT('Origin',(56.9999611247188,18.9999158103369,-8.85));
#2224=CARTESIAN_POINT('Origin',(56.9999611247188,18.9999158103369,0.449999999999999));
#2225=CARTESIAN_POINT('',(58.0999611247188,18.9999158103369,-6.));
#2226=CARTESIAN_POINT('',(58.0999611247188,18.9999158103369,0.449999999999999));
#2227=CARTESIAN_POINT('Origin',(56.9999611247188,18.9999158103369,-6.));
#2228=CARTESIAN_POINT('Origin',(56.9999933459709,-19.0000384472581,-9.425));
#2229=CARTESIAN_POINT('',(59.2499933459709,-19.0000384472581,-10.));
#2230=CARTESIAN_POINT('Origin',(56.9999933459709,-19.0000384472581,-10.));
#2231=CARTESIAN_POINT('',(58.0999933459709,-19.0000384472581,-8.85));
#2232=CARTESIAN_POINT('',(58.6749933459709,-19.0000384472581,-9.425));
#2233=CARTESIAN_POINT('Origin',(56.9999933459709,-19.0000384472581,-8.85));
#2234=CARTESIAN_POINT('Origin',(56.9999933459709,-19.0000384472581,0.449999999999999));
#2235=CARTESIAN_POINT('',(58.0999933459709,-19.0000384472581,-6.));
#2236=CARTESIAN_POINT('',(58.0999933459709,-19.0000384472581,0.449999999999999));
#2237=CARTESIAN_POINT('Origin',(56.9999933459709,-19.0000384472581,-6.));
#2238=CARTESIAN_POINT('Origin',(94.9999616971397,-8.45773270188958E-5,-9.425));
#2239=CARTESIAN_POINT('',(97.2499616971397,-8.45773270186202E-5,-10.));
#2240=CARTESIAN_POINT('Origin',(94.9999616971397,-8.45773270188958E-5,-10.));
#2241=CARTESIAN_POINT('',(96.0999616971397,-8.4577327018761E-5,-8.84999999999999));
#2242=CARTESIAN_POINT('',(96.6749616971397,-8.45773270186906E-5,-9.425));
#2243=CARTESIAN_POINT('Origin',(94.9999616971397,-8.45773270188958E-5,-8.85));
#2244=CARTESIAN_POINT('Origin',(94.9999616971397,-8.45773270188958E-5,0.449999999999999));
#2245=CARTESIAN_POINT('',(96.0999616971397,-8.45773270190305E-5,-6.));
#2246=CARTESIAN_POINT('',(96.0999616971397,-8.4577327018761E-5,0.449999999999999));
#2247=CARTESIAN_POINT('Origin',(94.9999616971397,-8.45773270188958E-5,-6.));
#2248=CARTESIAN_POINT('Origin',(-56.9999999767345,-19.0000384058,-9.425));
#2249=CARTESIAN_POINT('',(-54.7499999767345,-19.0000384058,-10.));
#2250=CARTESIAN_POINT('Origin',(-56.9999999767345,-19.0000384058,-10.));
#2251=CARTESIAN_POINT('',(-55.8999999767345,-19.0000384058,-8.85));
#2252=CARTESIAN_POINT('',(-55.3249999767345,-19.0000384058,-9.425));
#2253=CARTESIAN_POINT('Origin',(-56.9999999767345,-19.0000384058,-8.85));
#2254=CARTESIAN_POINT('Origin',(-56.9999999767345,-19.0000384058,0.449999999999999));
#2255=CARTESIAN_POINT('',(-55.8999999767345,-19.0000384058,-6.));
#2256=CARTESIAN_POINT('',(-55.8999999767345,-19.0000384058,0.449999999999999));
#2257=CARTESIAN_POINT('Origin',(-56.9999999767345,-19.0000384058,-6.));
#2258=CARTESIAN_POINT('Origin',(-56.9990158790449,27.001427207391,-9.425));
#2259=CARTESIAN_POINT('',(-54.7490158790449,27.001427207391,-10.));
#2260=CARTESIAN_POINT('Origin',(-56.9990158790449,27.001427207391,-10.));
#2261=CARTESIAN_POINT('',(-55.8990158790449,27.001427207391,-8.85));
#2262=CARTESIAN_POINT('',(-55.3240158790449,27.001427207391,-9.425));
#2263=CARTESIAN_POINT('Origin',(-56.9990158790449,27.001427207391,-8.85));
#2264=CARTESIAN_POINT('Origin',(-56.9990158790449,27.001427207391,0.449999999999999));
#2265=CARTESIAN_POINT('',(-55.8990158790449,27.001427207391,-6.));
#2266=CARTESIAN_POINT('',(-55.8990158790449,27.001427207391,0.449999999999999));
#2267=CARTESIAN_POINT('Origin',(-56.9990158790449,27.001427207391,-6.));
#2268=CARTESIAN_POINT('Origin',(-72.336515879045,30.588927207391,-5.));
#2269=CARTESIAN_POINT('',(-72.336515879045,29.001427207391,-7.5709128399));
#2270=CARTESIAN_POINT('',(-70.7490158790449,30.588927207391,-7.5709128399));
#2271=CARTESIAN_POINT('Origin',(-72.336515879045,30.588927207391,-7.57091283994713));
#2272=CARTESIAN_POINT('',(-72.336515879045,29.001427207391,-6.));
#2273=CARTESIAN_POINT('',(-72.336515879045,29.001427207391,-5.));
#2274=CARTESIAN_POINT('',(-70.7490158790449,30.588927207391,-6.));
#2275=CARTESIAN_POINT('Origin',(-72.336515879045,30.588927207391,-6.));
#2276=CARTESIAN_POINT('',(-70.7490158790449,30.588927207391,-5.));
#2277=CARTESIAN_POINT('Origin',(-70.7490158790449,38.501427207391,-5.));
#2278=CARTESIAN_POINT('',(-70.7490158790449,38.5,-6.));
#2279=CARTESIAN_POINT('',(-70.7490158790449,19.2507136036955,-6.));
#2280=CARTESIAN_POINT('',(-70.7490158790449,38.5,-5.));
#2281=CARTESIAN_POINT('',(-70.7490158790449,38.5,-5.5));
#2282=CARTESIAN_POINT('',(-70.7490158790449,38.501427207391,-5.));
#2283=CARTESIAN_POINT('',(-70.7490158790449,29.001427207391,-5.));
#2284=CARTESIAN_POINT('',(-70.7490158790449,38.501427207391,-7.5709128399));
#2285=CARTESIAN_POINT('',(-70.7490158790449,38.501427207391,-5.));
#2286=CARTESIAN_POINT('',(-70.7490158790449,29.001427207391,-7.5709128399));
#2287=CARTESIAN_POINT('Origin',(-79.6615158790449,30.588927207391,-5.));
#2288=CARTESIAN_POINT('',(-81.2490158790449,30.588927207391,-7.5709128399));
#2289=CARTESIAN_POINT('',(-79.6615158790449,29.001427207391,-7.5709128399));
#2290=CARTESIAN_POINT('Origin',(-79.6615158790449,30.588927207391,-7.57091283994713));
#2291=CARTESIAN_POINT('',(-81.2490158790449,30.588927207391,-6.));
#2292=CARTESIAN_POINT('',(-81.2490158790449,30.588927207391,-5.));
#2293=CARTESIAN_POINT('',(-79.6615158790449,29.001427207391,-6.));
#2294=CARTESIAN_POINT('Origin',(-79.6615158790449,30.588927207391,-6.));
#2295=CARTESIAN_POINT('',(-79.6615158790449,29.001427207391,-5.));
#2296=CARTESIAN_POINT('Origin',(-70.7490158790449,29.001427207391,-5.));
#2297=CARTESIAN_POINT('',(-81.2490158790449,29.001427207391,-7.5709128399));
#2298=CARTESIAN_POINT('',(-35.3745079395225,29.001427207391,-6.));
#2299=CARTESIAN_POINT('Origin',(-81.2490158790449,29.001427207391,-5.));
#2300=CARTESIAN_POINT('',(-81.2490158790449,38.501427207391,-7.5709128399));
#2301=CARTESIAN_POINT('',(-81.2490158790449,38.501427207391,-7.5709128399));
#2302=CARTESIAN_POINT('',(-81.2490158790449,38.501427207391,-6.03799986935516));
#2303=CARTESIAN_POINT('',(-81.2490158790449,38.501427207391,-5.));
#2304=CARTESIAN_POINT('',(-81.2490158790449,38.5,-6.03799986935516));
#2305=CARTESIAN_POINT('',(-81.2490158790449,38.5,-6.03799986935516));
#2306=CARTESIAN_POINT('',(-81.2490158790449,38.5,-6.));
#2307=CARTESIAN_POINT('',(-81.2490158790449,38.5,-5.28545641997355));
#2308=CARTESIAN_POINT('',(-81.2490158790449,14.5007136036955,-6.));
#2309=CARTESIAN_POINT('Origin',(-75.9990158790449,33.751427207391,-5.));
#2310=CARTESIAN_POINT('',(-70.7578782526795,38.5,-5.));
#2311=CARTESIAN_POINT('',(-93.6620079395225,38.5,-5.));
#2312=CARTESIAN_POINT('',(-70.7578782526795,38.501427207391,-5.));
#2313=CARTESIAN_POINT('',(-70.7578782526795,38.5,-5.));
#2314=CARTESIAN_POINT('',(-81.2490158790449,38.501427207391,-5.));
#2315=CARTESIAN_POINT('Origin',(-75.9990158790449,33.751427207391,-5.));
#2316=CARTESIAN_POINT('',(-81.2490158790449,38.5,-5.));
#2317=CARTESIAN_POINT('',(-81.24203106452,38.5,-5.));
#2318=CARTESIAN_POINT('',(-93.6620079395225,38.5,-5.));
#2319=CARTESIAN_POINT('',(-81.2490158790449,38.501427207391,-5.));
#2320=CARTESIAN_POINT('',(-81.2490158790449,38.501427207391,-5.));
#2321=CARTESIAN_POINT('',(-81.24203106452,38.501427207391,-5.));
#2322=CARTESIAN_POINT('',(-81.2490158790449,38.501427207391,-5.));
#2323=CARTESIAN_POINT('',(-81.24203106452,38.5,-5.));
#2324=CARTESIAN_POINT('Origin',(-81.2490158790449,38.501427207391,-5.));
#2325=CARTESIAN_POINT('',(-72.3374546585998,38.501427207391,-7.57091283994714));
#2326=CARTESIAN_POINT('',(-70.7499546585998,38.501427207391,-5.98341283994714));
#2327=CARTESIAN_POINT('Origin',(-72.3374546585998,38.501427207391,-5.98341283994713));
#2328=CARTESIAN_POINT('',(-81.2490158790449,38.501427207391,-7.5709128399));
#2329=CARTESIAN_POINT('',(-70.7499546585998,38.501427207391,-5.15841283994706));
#2330=CARTESIAN_POINT('Origin',(-72.3374546585998,38.501427207391,-5.15841283994706));
#2331=CARTESIAN_POINT('',(-70.7499546585998,38.501427207391,-5.07920641997353));
#2332=CARTESIAN_POINT('Origin',(-81.2490158790449,38.501427207391,-5.));
#2333=CARTESIAN_POINT('',(-79.6624546585998,38.501427207391,-7.5709128399));
#2334=CARTESIAN_POINT('Origin',(-79.6624546585998,38.501427207391,-5.98341283994698));
#2335=CARTESIAN_POINT('',(-81.2490158790449,38.501427207391,-7.5709128399));
#2336=CARTESIAN_POINT('Origin',(-81.2490158790449,38.501427207391,-5.));
#2337=CARTESIAN_POINT('',(-81.2490158790449,38.501427207391,-5.10382581053878));
#2338=CARTESIAN_POINT('Origin',(-79.6624546585998,38.501427207391,-5.15841283994706));
#2339=CARTESIAN_POINT('',(-81.2490158790449,38.501427207391,-5.));
#2340=CARTESIAN_POINT('Origin',(-81.2490158790449,29.001427207391,-5.));
#2341=CARTESIAN_POINT('',(-81.2490158790449,38.5,-5.10382581053878));
#2342=CARTESIAN_POINT('',(-81.2490158790449,38.5,-5.5));
#2343=CARTESIAN_POINT('',(-81.2490158790449,38.5,-5.10382581053878));
#2344=CARTESIAN_POINT('Origin',(-75.9999546585998,38.5,-5.5709128399471));
#2345=CARTESIAN_POINT('',(-81.2498679998948,38.5,-6.));
#2346=CARTESIAN_POINT('Origin',(-79.6624546585998,38.5,-5.98341283994698));
#2347=CARTESIAN_POINT('',(-55.6625000000001,38.5,-6.));
#2348=CARTESIAN_POINT('Origin',(-79.6624546585998,38.5,-5.98341283994698));
#2349=CARTESIAN_POINT('',(-79.6624546585998,41.,-7.57091283994698));
#2350=CARTESIAN_POINT('',(-79.6624546585998,38.5,-7.57091283994698));
#2351=CARTESIAN_POINT('',(-81.2499546585998,41.,-5.98341283994698));
#2352=CARTESIAN_POINT('Origin',(-79.6624546585998,41.,-5.98341283994698));
#2353=CARTESIAN_POINT('',(-81.2499546585998,38.5,-5.98341283994698));
#2354=CARTESIAN_POINT('',(-81.2499546585998,38.5,-5.98341283994698));
#2355=CARTESIAN_POINT('Origin',(-79.6624546585998,38.5,-5.98341283994698));
#2356=CARTESIAN_POINT('Origin',(-111.325,38.5,-6.));
#2357=CARTESIAN_POINT('',(-79.6624546585998,38.5,-3.57091283994706));
#2358=CARTESIAN_POINT('Origin',(-79.6624546585998,38.5,-5.15841283994706));
#2359=CARTESIAN_POINT('',(-72.3374546585998,38.5,-3.57091283994706));
#2360=CARTESIAN_POINT('',(-95.4937273293,38.5,-3.57091283994706));
#2361=CARTESIAN_POINT('Origin',(-72.3374546585998,38.5,-5.15841283994706));
#2362=CARTESIAN_POINT('',(111.325,38.5,-6.));
#2363=CARTESIAN_POINT('',(-55.6625000000001,38.5,-6.));
#2364=CARTESIAN_POINT('',(111.325,38.5,8.5));
#2365=CARTESIAN_POINT('',(111.325,38.5,-6.));
#2366=CARTESIAN_POINT('',(-111.325,38.5,8.5));
#2367=CARTESIAN_POINT('',(-55.6625000000001,38.5,8.5));
#2368=CARTESIAN_POINT('',(-111.325,38.5,-6.));
#2369=CARTESIAN_POINT('',(-111.325,38.5,-6.));
#2370=CARTESIAN_POINT('',(-55.6625000000001,38.5,-6.));
#2371=CARTESIAN_POINT('',(-81.2499546585998,38.5,-5.15841283994706));
#2372=CARTESIAN_POINT('',(-81.2499546585998,38.5,-5.99170641997349));
#2373=CARTESIAN_POINT('Origin',(-79.6624546585998,38.5,-5.15841283994706));
#2374=CARTESIAN_POINT('Origin',(-72.3374546585998,38.5,-7.57091283994713));
#2375=CARTESIAN_POINT('',(-72.3374546585998,41.,-7.57091283994714));
#2376=CARTESIAN_POINT('',(-72.3374546585998,38.5,-7.57091283994714));
#2377=CARTESIAN_POINT('',(-74.1687046585998,41.,-7.5709128399471));
#2378=CARTESIAN_POINT('Origin',(-72.3374546585998,38.5,-5.98341283994713));
#2379=CARTESIAN_POINT('',(-70.7499546585998,41.,-5.98341283994714));
#2380=CARTESIAN_POINT('',(-70.7499546585998,38.5,-5.98341283994714));
#2381=CARTESIAN_POINT('Origin',(-72.3374546585998,41.,-5.98341283994713));
#2382=CARTESIAN_POINT('Origin',(-70.7499546585998,38.5,-5.15841283994706));
#2383=CARTESIAN_POINT('',(-70.7499546585998,41.,-5.15841283994706));
#2384=CARTESIAN_POINT('',(-70.7499546585998,38.5,-5.15841283994706));
#2385=CARTESIAN_POINT('',(-70.7499546585998,41.,-5.36466283994708));
#2386=CARTESIAN_POINT('Origin',(-82.2499546585998,41.,-5.983412839947));
#2387=CARTESIAN_POINT('',(-82.2499546585998,48.5,-5.15841283994709));
#2388=CARTESIAN_POINT('',(-82.2499546585998,48.5,-5.983412839947));
#2389=CARTESIAN_POINT('',(-82.2499546585998,48.5,-5.9917064199735));
#2390=CARTESIAN_POINT('',(-82.2499546585998,41.,-5.15841283994709));
#2391=CARTESIAN_POINT('',(-82.2499546585998,41.,-5.15841283994709));
#2392=CARTESIAN_POINT('',(-82.2499546585998,41.,-5.983412839947));
#2393=CARTESIAN_POINT('',(-82.2499546585998,41.,-5.15841283994709));
#2394=CARTESIAN_POINT('',(-82.2499546585998,41.,-5.983412839947));
#2395=CARTESIAN_POINT('Origin',(-79.6624546585998,41.,-5.98341283994697));
#2396=CARTESIAN_POINT('',(-82.1581149836987,48.5,-6.66666666666667));
#2397=CARTESIAN_POINT('Origin',(-79.6624546585998,48.5,-5.98341283994697));
#2398=CARTESIAN_POINT('',(-79.6624546585999,41.,-8.57091283994698));
#2399=CARTESIAN_POINT('Origin',(-79.6624546585998,41.,-5.98341283994697));
#2400=CARTESIAN_POINT('',(-79.6624546585999,46.5957538267197,-8.57091283994698));
#2401=CARTESIAN_POINT('',(-79.6624546585999,41.,-8.57091283994698));
#2402=CARTESIAN_POINT('Origin',(-79.6624546585998,49.1832538267197,-5.98341283994697));
#2403=CARTESIAN_POINT('Origin',(-72.3374546585999,41.,-8.57091283994714));
#2404=CARTESIAN_POINT('',(-72.3374546585999,46.5957538267195,-8.57091283994714));
#2405=CARTESIAN_POINT('',(-63.9999773292999,46.5957538267194,-8.57091283994732));
#2406=CARTESIAN_POINT('',(-72.3374546585999,41.,-8.57091283994714));
#2407=CARTESIAN_POINT('',(-72.3374546585999,41.,-8.57091283994714));
#2408=CARTESIAN_POINT('',(-72.3374546585999,41.,-8.57091283994714));
#2409=CARTESIAN_POINT('Origin',(-72.3374546585998,41.,-5.98341283994713));
#2410=CARTESIAN_POINT('',(-69.8417943335008,48.5,-6.66666666666667));
#2411=CARTESIAN_POINT('Origin',(-72.3374546585998,49.1832538267195,-5.98341283994713));
#2412=CARTESIAN_POINT('',(-69.7499546585998,41.,-5.98341283994713));
#2413=CARTESIAN_POINT('Origin',(-72.3374546585998,41.,-5.98341283994713));
#2414=CARTESIAN_POINT('',(-69.7499546585998,48.5,-5.98341283994713));
#2415=CARTESIAN_POINT('',(-69.7499546585998,41.,-5.98341283994713));
#2416=CARTESIAN_POINT('Origin',(-72.3374546585998,48.5,-5.98341283994713));
#2417=CARTESIAN_POINT('Origin',(-69.7499546585998,41.,-5.15841283994707));
#2418=CARTESIAN_POINT('',(-69.7499546585998,48.5,-5.15841283994707));
#2419=CARTESIAN_POINT('',(-69.7499546585998,48.5,-5.57920641997353));
#2420=CARTESIAN_POINT('',(-69.7499546585998,41.,-5.15841283994707));
#2421=CARTESIAN_POINT('',(-69.7499546585998,41.,-5.15841283994707));
#2422=CARTESIAN_POINT('',(-69.7499546585998,41.,-5.15841283994707));
#2423=CARTESIAN_POINT('Origin',(-72.3374546585998,41.,-5.15841283994707));
#2424=CARTESIAN_POINT('',(-72.3374546585998,48.5,-2.57091283994706));
#2425=CARTESIAN_POINT('Origin',(-72.3374546585998,48.5,-5.15841283994707));
#2426=CARTESIAN_POINT('',(-72.3374546585998,41.,-2.57091283994706));
#2427=CARTESIAN_POINT('Origin',(-72.3374546585998,41.,-5.15841283994707));
#2428=CARTESIAN_POINT('',(-72.3374546585998,41.,-2.57091283994706));
#2429=CARTESIAN_POINT('Origin',(-79.6624546585998,41.,-2.57091283994706));
#2430=CARTESIAN_POINT('',(-79.6624546585998,48.5,-2.57091283994706));
#2431=CARTESIAN_POINT('',(-95.4937273293,48.5,-2.57091283994704));
#2432=CARTESIAN_POINT('',(-79.6624546585998,41.,-2.57091283994706));
#2433=CARTESIAN_POINT('',(-79.6624546585998,41.,-2.57091283994706));
#2434=CARTESIAN_POINT('',(-79.6624546585998,41.,-2.57091283994706));
#2435=CARTESIAN_POINT('Origin',(-79.6624546585998,41.,-5.15841283994707));
#2436=CARTESIAN_POINT('Origin',(-79.6624546585998,48.5,-5.15841283994707));
#2437=CARTESIAN_POINT('Origin',(-79.6624546585998,41.,-5.15841283994707));
#2438=CARTESIAN_POINT('Origin',(-75.9999546585998,41.,-5.5709128399471));
#2439=CARTESIAN_POINT('',(-72.3374546585998,41.,-3.57091283994706));
#2440=CARTESIAN_POINT('Origin',(-72.3374546585998,41.,-5.15841283994706));
#2441=CARTESIAN_POINT('',(-79.6624546585998,41.,-3.57091283994706));
#2442=CARTESIAN_POINT('',(-77.8312046585998,41.,-3.57091283994706));
#2443=CARTESIAN_POINT('',(-81.2499546585998,41.,-5.15841283994706));
#2444=CARTESIAN_POINT('Origin',(-79.6624546585998,41.,-5.15841283994706));
#2445=CARTESIAN_POINT('',(-81.2499546585998,41.,-5.77716283994704));
#2446=CARTESIAN_POINT('Origin',(-55.6625000000001,46.8333333333333,-8.33333333333333));
#2447=CARTESIAN_POINT('',(111.325,48.5,-6.66666666666667));
#2448=CARTESIAN_POINT('',(-55.6625000000001,48.5,-6.66666666666667));
#2449=CARTESIAN_POINT('',(111.325,45.1666666666667,-10.));
#2450=CARTESIAN_POINT('',(111.325,48.5,-6.66666666666667));
#2451=CARTESIAN_POINT('',(-111.325,45.1666666666667,-10.));
#2452=CARTESIAN_POINT('',(-55.6625000000001,45.1666666666667,-10.));
#2453=CARTESIAN_POINT('',(-111.325,48.5,-6.66666666666667));
#2454=CARTESIAN_POINT('',(-111.325,45.1666666666667,-10.));
#2455=CARTESIAN_POINT('',(-55.6625000000001,48.5,-6.66666666666667));
#2456=CARTESIAN_POINT('Origin',(-81.2499546585998,38.5,-5.98341283994698));
#2457=CARTESIAN_POINT('',(-81.2499546585998,38.5,-5.15841283994706));
#2458=CARTESIAN_POINT('Origin',(-79.6624546585998,38.5,-5.15841283994706));
#2459=CARTESIAN_POINT('',(-79.6624546585998,38.5,-3.57091283994706));
#2460=CARTESIAN_POINT('Origin',(-79.6624546585998,38.5,-3.57091283994706));
#2461=CARTESIAN_POINT('',(-72.3374546585998,38.5,-3.57091283994706));
#2462=CARTESIAN_POINT('Origin',(-72.3374546585998,38.5,-5.15841283994706));
#2463=CARTESIAN_POINT('Origin',(-111.325,48.5,-6.));
#2464=CARTESIAN_POINT('',(-111.325,48.5,5.66666666666667));
#2465=CARTESIAN_POINT('',(-111.325,48.5,-6.));
#2466=CARTESIAN_POINT('',(111.325,48.5,5.66666666666667));
#2467=CARTESIAN_POINT('',(-55.6625000000001,48.5,5.66666666666667));
#2468=CARTESIAN_POINT('',(111.325,48.5,-6.));
#2469=CARTESIAN_POINT('Origin',(111.325,35.325,-8.33333333333333));
#2470=CARTESIAN_POINT('',(124.5,35.325,-6.66666666666667));
#2471=CARTESIAN_POINT('',(121.166666666667,35.325,-10.));
#2472=CARTESIAN_POINT('',(124.5,35.325,-6.66666666666667));
#2473=CARTESIAN_POINT('Origin',(111.325,35.325,-10.));
#2474=CARTESIAN_POINT('Origin',(111.325,35.325,-6.66666666666667));
#2475=CARTESIAN_POINT('Origin',(122.833333333333,17.6625,-8.33333333333333));
#2476=CARTESIAN_POINT('',(124.5,-35.325,-6.66666666666667));
#2477=CARTESIAN_POINT('',(121.166666666667,-35.325,-10.));
#2478=CARTESIAN_POINT('',(124.5,-35.325,-6.66666666666667));
#2479=CARTESIAN_POINT('',(121.166666666667,17.6625,-10.));
#2480=CARTESIAN_POINT('',(124.5,17.6625,-6.66666666666667));
#2481=CARTESIAN_POINT('Origin',(111.325,-35.325,-8.33333333333333));
#2482=CARTESIAN_POINT('',(111.325,-48.5,-6.66666666666667));
#2483=CARTESIAN_POINT('',(111.325,-45.1666666666667,-10.));
#2484=CARTESIAN_POINT('',(111.325,-48.5,-6.66666666666667));
#2485=CARTESIAN_POINT('Origin',(111.325,-35.325,-10.));
#2486=CARTESIAN_POINT('Origin',(111.325,-35.325,-6.66666666666667));
#2487=CARTESIAN_POINT('Origin',(55.6625,-46.8333333333333,-8.33333333333333));
#2488=CARTESIAN_POINT('',(-111.325,-48.5,-6.66666666666667));
#2489=CARTESIAN_POINT('',(-111.325,-45.1666666666667,-10.));
#2490=CARTESIAN_POINT('',(-111.325,-48.5,-6.66666666666667));
#2491=CARTESIAN_POINT('',(55.6625,-45.1666666666667,-10.));
#2492=CARTESIAN_POINT('',(55.6625,-48.5,-6.66666666666667));
#2493=CARTESIAN_POINT('Origin',(-111.325,-35.325,-8.33333333333333));
#2494=CARTESIAN_POINT('',(-124.5,-35.325,-6.66666666666667));
#2495=CARTESIAN_POINT('',(-121.166666666667,-35.325,-10.));
#2496=CARTESIAN_POINT('',(-124.5,-35.325,-6.66666666666667));
#2497=CARTESIAN_POINT('Origin',(-111.325,-35.325,-10.));
#2498=CARTESIAN_POINT('Origin',(-111.325,-35.325,-6.66666666666667));
#2499=CARTESIAN_POINT('Origin',(-122.833333333333,-17.6625000000002,-8.33333333333333));
#2500=CARTESIAN_POINT('',(-124.5,35.325,-6.66666666666667));
#2501=CARTESIAN_POINT('',(-121.166666666667,35.325,-10.));
#2502=CARTESIAN_POINT('',(-124.5,35.325,-6.66666666666667));
#2503=CARTESIAN_POINT('',(-121.166666666667,-17.6625000000002,-10.));
#2504=CARTESIAN_POINT('',(-124.5,-17.6625000000002,-6.66666666666667));
#2505=CARTESIAN_POINT('Origin',(-111.325,35.325,-8.33333333333333));
#2506=CARTESIAN_POINT('Origin',(-111.325,35.325,-10.));
#2507=CARTESIAN_POINT('Origin',(-111.325,35.325,-6.66666666666667));
#2508=CARTESIAN_POINT('Origin',(111.325,-35.325,-6.));
#2509=CARTESIAN_POINT('',(124.5,-35.325,5.66666666666667));
#2510=CARTESIAN_POINT('',(124.5,-35.325,-6.));
#2511=CARTESIAN_POINT('',(111.325,-48.5,5.66666666666667));
#2512=CARTESIAN_POINT('Origin',(111.325,-35.325,5.66666666666667));
#2513=CARTESIAN_POINT('',(111.325,-48.5,-6.));
#2514=CARTESIAN_POINT('Origin',(124.5,35.325,-6.));
#2515=CARTESIAN_POINT('',(124.5,35.325,5.66666666666667));
#2516=CARTESIAN_POINT('',(124.5,35.325,-6.));
#2517=CARTESIAN_POINT('',(124.5,17.6625,5.66666666666667));
#2518=CARTESIAN_POINT('Origin',(111.325,35.325,-6.));
#2519=CARTESIAN_POINT('Origin',(111.325,35.325,5.66666666666667));
#2520=CARTESIAN_POINT('Origin',(-5.32907051820075E-14,0.,-10.));
#2521=CARTESIAN_POINT('Origin',(-55.6625000000001,46.8333333333333,7.33333333333333));
#2522=CARTESIAN_POINT('',(-111.325,45.1666666666667,9.));
#2523=CARTESIAN_POINT('',(-111.325,48.5,5.66666666666667));
#2524=CARTESIAN_POINT('',(111.325,45.1666666666667,9.));
#2525=CARTESIAN_POINT('',(-55.6625000000001,45.1666666666667,9.));
#2526=CARTESIAN_POINT('',(111.325,45.1666666666667,9.));
#2527=CARTESIAN_POINT('Origin',(-111.325,35.325,7.33333333333333));
#2528=CARTESIAN_POINT('',(-124.5,35.325,5.66666666666667));
#2529=CARTESIAN_POINT('',(-121.166666666667,35.325,9.));
#2530=CARTESIAN_POINT('',(-124.5,35.325,5.66666666666667));
#2531=CARTESIAN_POINT('Origin',(-111.325,35.325,9.));
#2532=CARTESIAN_POINT('Origin',(-111.325,35.325,5.66666666666667));
#2533=CARTESIAN_POINT('Origin',(-122.833333333333,-17.6625000000002,7.33333333333333));
#2534=CARTESIAN_POINT('',(-124.5,-35.325,5.66666666666667));
#2535=CARTESIAN_POINT('',(-121.166666666667,-35.325,9.));
#2536=CARTESIAN_POINT('',(-124.5,-35.325,5.66666666666667));
#2537=CARTESIAN_POINT('',(-121.166666666667,-17.6625000000002,9.));
#2538=CARTESIAN_POINT('',(-124.5,-17.6625000000002,5.66666666666667));
#2539=CARTESIAN_POINT('Origin',(-111.325,-35.325,7.33333333333333));
#2540=CARTESIAN_POINT('',(-111.325,-48.5,5.66666666666667));
#2541=CARTESIAN_POINT('',(-111.325,-45.1666666666667,9.));
#2542=CARTESIAN_POINT('',(-111.325,-48.5,5.66666666666667));
#2543=CARTESIAN_POINT('Origin',(-111.325,-35.325,9.));
#2544=CARTESIAN_POINT('Origin',(-111.325,-35.325,5.66666666666667));
#2545=CARTESIAN_POINT('Origin',(55.6625,-46.8333333333333,7.33333333333333));
#2546=CARTESIAN_POINT('',(111.325,-45.1666666666667,9.));
#2547=CARTESIAN_POINT('',(111.325,-48.5,5.66666666666667));
#2548=CARTESIAN_POINT('',(55.6625,-45.1666666666667,9.));
#2549=CARTESIAN_POINT('',(55.6625,-48.5,5.66666666666667));
#2550=CARTESIAN_POINT('Origin',(111.325,-35.325,7.33333333333333));
#2551=CARTESIAN_POINT('',(121.166666666667,-35.325,9.));
#2552=CARTESIAN_POINT('',(124.5,-35.325,5.66666666666667));
#2553=CARTESIAN_POINT('Origin',(111.325,-35.325,9.));
#2554=CARTESIAN_POINT('Origin',(122.833333333333,17.6625,7.33333333333333));
#2555=CARTESIAN_POINT('',(121.166666666667,35.325,9.));
#2556=CARTESIAN_POINT('',(124.5,35.325,5.66666666666667));
#2557=CARTESIAN_POINT('',(121.166666666667,17.6625,9.));
#2558=CARTESIAN_POINT('Origin',(111.325,35.325,7.33333333333333));
#2559=CARTESIAN_POINT('Origin',(111.325,35.325,9.));
#2560=CARTESIAN_POINT('Origin',(-111.325,-35.325,-6.));
#2561=CARTESIAN_POINT('',(-111.325,-48.5,-6.));
#2562=CARTESIAN_POINT('',(-124.5,-35.325,-6.));
#2563=CARTESIAN_POINT('Origin',(-124.5,-35.325,-6.));
#2564=CARTESIAN_POINT('',(-124.5,35.325,-6.));
#2565=CARTESIAN_POINT('Origin',(-111.325,35.325,-6.));
#2566=CARTESIAN_POINT('Origin',(-5.32907051820075E-14,0.,9.));
#2567=CARTESIAN_POINT('',(-111.325,39.,9.));
#2568=CARTESIAN_POINT('',(-115.,35.325,9.));
#2569=CARTESIAN_POINT('Origin',(-111.325,35.325,9.));
#2570=CARTESIAN_POINT('',(111.325,39.,9.));
#2571=CARTESIAN_POINT('',(-55.6625000000001,39.,9.));
#2572=CARTESIAN_POINT('',(115.,35.325,9.));
#2573=CARTESIAN_POINT('Origin',(111.325,35.325,9.));
#2574=CARTESIAN_POINT('',(115.,-35.325,9.));
#2575=CARTESIAN_POINT('',(115.,17.6625,9.));
#2576=CARTESIAN_POINT('',(111.325,-39.,9.));
#2577=CARTESIAN_POINT('Origin',(111.325,-35.325,9.));
#2578=CARTESIAN_POINT('',(-111.325,-39.,9.));
#2579=CARTESIAN_POINT('',(55.6625,-39.,9.));
#2580=CARTESIAN_POINT('',(-115.,-35.325,9.));
#2581=CARTESIAN_POINT('Origin',(-111.325,-35.325,9.));
#2582=CARTESIAN_POINT('',(-115.,-17.6625000000002,9.));
#2583=CARTESIAN_POINT('Origin',(-111.325,35.325,8.75));
#2584=CARTESIAN_POINT('',(-111.325,38.5,8.5));
#2585=CARTESIAN_POINT('',(-114.5,35.325,8.5));
#2586=CARTESIAN_POINT('',(-115.,35.325,9.));
#2587=CARTESIAN_POINT('Origin',(-111.325,35.325,8.5));
#2588=CARTESIAN_POINT('Origin',(-55.6625000000001,38.75,8.75));
#2589=CARTESIAN_POINT('',(111.325,38.5,8.5));
#2590=CARTESIAN_POINT('Origin',(111.325,35.325,8.75));
#2591=CARTESIAN_POINT('',(114.5,35.325,8.5));
#2592=CARTESIAN_POINT('',(114.5,35.325,8.5));
#2593=CARTESIAN_POINT('Origin',(111.325,35.325,8.5));
#2594=CARTESIAN_POINT('Origin',(114.75,17.6625,8.75));
#2595=CARTESIAN_POINT('',(114.5,-35.325,8.5));
#2596=CARTESIAN_POINT('',(114.5,-35.325,8.5));
#2597=CARTESIAN_POINT('',(114.5,17.6625,8.5));
#2598=CARTESIAN_POINT('Origin',(111.325,-35.325,8.75));
#2599=CARTESIAN_POINT('',(111.325,-38.5,8.5));
#2600=CARTESIAN_POINT('',(111.325,-38.5,8.5));
#2601=CARTESIAN_POINT('Origin',(111.325,-35.325,8.5));
#2602=CARTESIAN_POINT('Origin',(55.6625,-38.75,8.75));
#2603=CARTESIAN_POINT('',(-111.325,-38.5,8.5));
#2604=CARTESIAN_POINT('',(-111.325,-38.5,8.5));
#2605=CARTESIAN_POINT('',(55.6625,-38.5,8.5));
#2606=CARTESIAN_POINT('Origin',(-111.325,-35.325,8.75));
#2607=CARTESIAN_POINT('',(-114.5,-35.325,8.5));
#2608=CARTESIAN_POINT('',(-114.5,-35.325,8.5));
#2609=CARTESIAN_POINT('Origin',(-111.325,-35.325,8.5));
#2610=CARTESIAN_POINT('Origin',(-114.75,-17.6625000000002,8.75));
#2611=CARTESIAN_POINT('',(-114.5,-17.6625000000002,8.5));
#2612=CARTESIAN_POINT('Origin',(114.5,35.325,-6.));
#2613=CARTESIAN_POINT('',(114.5,35.325,-6.));
#2614=CARTESIAN_POINT('',(114.5,35.325,-6.));
#2615=CARTESIAN_POINT('',(114.5,-35.325,-6.));
#2616=CARTESIAN_POINT('',(114.5,17.6625,-6.));
#2617=CARTESIAN_POINT('',(114.5,-35.325,-6.));
#2618=CARTESIAN_POINT('Origin',(111.325,35.325,-6.));
#2619=CARTESIAN_POINT('Origin',(111.325,35.325,-6.));
#2620=CARTESIAN_POINT('Origin',(-111.325,35.325,-6.));
#2621=CARTESIAN_POINT('',(-114.5,35.325,-6.));
#2622=CARTESIAN_POINT('',(-114.5,35.325,-6.));
#2623=CARTESIAN_POINT('Origin',(-111.325,35.325,-6.));
#2624=CARTESIAN_POINT('Origin',(-114.5,-35.325,-6.));
#2625=CARTESIAN_POINT('',(-114.5,-35.325,-6.));
#2626=CARTESIAN_POINT('',(-114.5,-35.325,-6.));
#2627=CARTESIAN_POINT('',(-114.5,-17.6625000000002,-6.));
#2628=CARTESIAN_POINT('Origin',(-111.325,-35.325,-6.));
#2629=CARTESIAN_POINT('',(-111.325,-38.5,-6.));
#2630=CARTESIAN_POINT('',(-111.325,-38.5,-6.));
#2631=CARTESIAN_POINT('Origin',(-111.325,-35.325,-6.));
#2632=CARTESIAN_POINT('Origin',(111.325,-38.5,-6.));
#2633=CARTESIAN_POINT('',(111.325,-38.5,-6.));
#2634=CARTESIAN_POINT('',(111.325,-38.5,-6.));
#2635=CARTESIAN_POINT('',(55.6625,-38.5,-6.));
#2636=CARTESIAN_POINT('Origin',(111.325,-35.325,-6.));
#2637=CARTESIAN_POINT('Origin',(111.325,-35.325,-6.));
#2638=CARTESIAN_POINT('Origin',(111.325,-48.5,-6.));
#2639=CARTESIAN_POINT('Origin',(-5.32907051820075E-14,0.,-6.));
#2640=UNCERTAINTY_MEASURE_WITH_UNIT(LENGTH_MEASURE(0.01),#2644,
'DISTANCE_ACCURACY_VALUE',
'Maximum model space distance between geometric entities at asserted c
onnectivities');
#2641=UNCERTAINTY_MEASURE_WITH_UNIT(LENGTH_MEASURE(0.01),#2644,
'DISTANCE_ACCURACY_VALUE',
'Maximum model space distance between geometric entities at asserted c
onnectivities');
#2642=(
GEOMETRIC_REPRESENTATION_CONTEXT(3)
GLOBAL_UNCERTAINTY_ASSIGNED_CONTEXT((#2640))
GLOBAL_UNIT_ASSIGNED_CONTEXT((#2644,#2646,#2647))
REPRESENTATION_CONTEXT('','3D')
);
#2643=(
GEOMETRIC_REPRESENTATION_CONTEXT(3)
GLOBAL_UNCERTAINTY_ASSIGNED_CONTEXT((#2641))
GLOBAL_UNIT_ASSIGNED_CONTEXT((#2644,#2646,#2647))
REPRESENTATION_CONTEXT('','3D')
);
#2644=(
LENGTH_UNIT()
NAMED_UNIT(*)
SI_UNIT(.MILLI.,.METRE.)
);
#2645=(
LENGTH_UNIT()
NAMED_UNIT(*)
SI_UNIT($,.METRE.)
);
#2646=(
NAMED_UNIT(*)
PLANE_ANGLE_UNIT()
SI_UNIT($,.RADIAN.)
);
#2647=(
NAMED_UNIT(*)
SI_UNIT($,.STERADIAN.)
SOLID_ANGLE_UNIT()
);
#2648=SHAPE_DEFINITION_REPRESENTATION(#2649,#2650);
#2649=PRODUCT_DEFINITION_SHAPE('',$,#2652);
#2650=SHAPE_REPRESENTATION('',(#1564),#2642);
#2651=PRODUCT_DEFINITION_CONTEXT('part definition',#2656,'design');
#2652=PRODUCT_DEFINITION('2025-12-26-20-35-43-522','PlanckHiProCase',#2653,
#2651);
#2653=PRODUCT_DEFINITION_FORMATION('',$,#2658);
#2654=PRODUCT_RELATED_PRODUCT_CATEGORY('PlanckHiProCase',
'PlanckHiProCase',(#2658));
#2655=APPLICATION_PROTOCOL_DEFINITION('international standard',
'automotive_design',2009,#2656);
#2656=APPLICATION_CONTEXT(
'Core Data for Automotive Mechanical Design Process');
#2657=PRODUCT_CONTEXT('part definition',#2656,'mechanical');
#2658=PRODUCT('2025-12-26-20-35-43-522','PlanckHiProCase',$,(#2657));
#2659=PRESENTATION_STYLE_ASSIGNMENT((#2661));
#2660=PRESENTATION_STYLE_ASSIGNMENT((#2662));
#2661=SURFACE_STYLE_USAGE(.BOTH.,#2663);
#2662=SURFACE_STYLE_USAGE(.BOTH.,#2664);
#2663=SURFACE_SIDE_STYLE('',(#2665));
#2664=SURFACE_SIDE_STYLE('',(#2666));
#2665=SURFACE_STYLE_FILL_AREA(#2667);
#2666=SURFACE_STYLE_FILL_AREA(#2668);
#2667=FILL_AREA_STYLE('Steel - Satin',(#2669));
#2668=FILL_AREA_STYLE('Acrylic (Red)',(#2670));
#2669=FILL_AREA_STYLE_COLOUR('Steel - Satin',#2671);
#2670=FILL_AREA_STYLE_COLOUR('Acrylic (Red)',#2672);
#2671=COLOUR_RGB('Steel - Satin',0.627450980392157,0.627450980392157,0.627450980392157);
#2672=COLOUR_RGB('Acrylic (Red)',0.768627450980392,0.207843137254902,0.152941176470588);
ENDSEC;
END-ISO-10303-21;
